TEMPORAL;TERRITORIO;INSCRIPCION;SEXO;LUGARNACIMIEN;INDICATOR;OBS_VALUE;FREQ
2016;04;;00;04;ANDALUCES;622.0;A
2016;04;;00;11;ANDALUCES;5.0;A
2016;04;;00;14;ANDALUCES;4.0;A
2016;04;;00;18;ANDALUCES;27.0;A
2016;04;;00;21;ANDALUCES;1.0;A
2016;04;;00;23;ANDALUCES;8.0;A
2016;04;;00;29;ANDALUCES;8.0;A
2016;04;;00;41;ANDALUCES;6.0;A
2016;04;;00;C01;ANDALUCES;681.0;A
2016;04;;00;C02;ANDALUCES;128.0;A
2016;04;;00;66;ANDALUCES;2417.0;A
2016;04;;00;NC000;ANDALUCES;1.0;A
2016;04;;00;00;ANDALUCES;3227.0;A
2016;04;;01;04;ANDALUCES;343.0;A
2016;04;;01;11;ANDALUCES;5.0;A
2016;04;;01;14;ANDALUCES;4.0;A
2016;04;;01;18;ANDALUCES;15.0;A
2016;04;;01;21;ANDALUCES;1.0;A
2016;04;;01;23;ANDALUCES;2.0;A
2016;04;;01;29;ANDALUCES;5.0;A
2016;04;;01;41;ANDALUCES;3.0;A
2016;04;;01;C01;ANDALUCES;378.0;A
2016;04;;01;C02;ANDALUCES;67.0;A
2016;04;;01;66;ANDALUCES;1207.0;A
2016;04;;01;NC000;ANDALUCES;1.0;A
2016;04;;01;00;ANDALUCES;1653.0;A
2016;04;;06;04;ANDALUCES;279.0;A
2016;04;;06;18;ANDALUCES;12.0;A
2016;04;;06;23;ANDALUCES;6.0;A
2016;04;;06;29;ANDALUCES;3.0;A
2016;04;;06;41;ANDALUCES;3.0;A
2016;04;;06;C01;ANDALUCES;303.0;A
2016;04;;06;C02;ANDALUCES;61.0;A
2016;04;;06;66;ANDALUCES;1210.0;A
2016;04;;06;00;ANDALUCES;1574.0;A
2016;11;;00;11;ANDALUCES;1197.0;A
2016;11;;00;14;ANDALUCES;13.0;A
2016;11;;00;18;ANDALUCES;8.0;A
2016;11;;00;21;ANDALUCES;6.0;A
2016;11;;00;23;ANDALUCES;5.0;A
2016;11;;00;29;ANDALUCES;16.0;A
2016;11;;00;41;ANDALUCES;54.0;A
2016;11;;00;C01;ANDALUCES;1299.0;A
2016;11;;00;C02;ANDALUCES;185.0;A
2016;11;;00;66;ANDALUCES;1025.0;A
2016;11;;00;00;ANDALUCES;2509.0;A
2016;11;;01;11;ANDALUCES;647.0;A
2016;11;;01;14;ANDALUCES;6.0;A
2016;11;;01;18;ANDALUCES;7.0;A
2016;11;;01;21;ANDALUCES;4.0;A
2016;11;;01;23;ANDALUCES;3.0;A
2016;11;;01;29;ANDALUCES;6.0;A
2016;11;;01;41;ANDALUCES;26.0;A
2016;11;;01;C01;ANDALUCES;699.0;A
2016;11;;01;C02;ANDALUCES;93.0;A
2016;11;;01;66;ANDALUCES;493.0;A
2016;11;;01;00;ANDALUCES;1285.0;A
2016;11;;06;11;ANDALUCES;550.0;A
2016;11;;06;14;ANDALUCES;7.0;A
2016;11;;06;18;ANDALUCES;1.0;A
2016;11;;06;21;ANDALUCES;2.0;A
2016;11;;06;23;ANDALUCES;2.0;A
2016;11;;06;29;ANDALUCES;10.0;A
2016;11;;06;41;ANDALUCES;28.0;A
2016;11;;06;C01;ANDALUCES;600.0;A
2016;11;;06;C02;ANDALUCES;92.0;A
2016;11;;06;66;ANDALUCES;532.0;A
2016;11;;06;00;ANDALUCES;1224.0;A
2016;14;;00;11;ANDALUCES;6.0;A
2016;14;;00;14;ANDALUCES;538.0;A
2016;14;;00;18;ANDALUCES;8.0;A
2016;14;;00;23;ANDALUCES;5.0;A
2016;14;;00;29;ANDALUCES;6.0;A
2016;14;;00;41;ANDALUCES;10.0;A
2016;14;;00;C01;ANDALUCES;573.0;A
2016;14;;00;C02;ANDALUCES;69.0;A
2016;14;;00;66;ANDALUCES;505.0;A
2016;14;;00;00;ANDALUCES;1147.0;A
2016;14;;01;11;ANDALUCES;2.0;A
2016;14;;01;14;ANDALUCES;286.0;A
2016;14;;01;18;ANDALUCES;5.0;A
2016;14;;01;23;ANDALUCES;3.0;A
2016;14;;01;29;ANDALUCES;1.0;A
2016;14;;01;41;ANDALUCES;4.0;A
2016;14;;01;C01;ANDALUCES;301.0;A
2016;14;;01;C02;ANDALUCES;43.0;A
2016;14;;01;66;ANDALUCES;253.0;A
2016;14;;01;00;ANDALUCES;597.0;A
2016;14;;06;11;ANDALUCES;4.0;A
2016;14;;06;14;ANDALUCES;252.0;A
2016;14;;06;18;ANDALUCES;3.0;A
2016;14;;06;23;ANDALUCES;2.0;A
2016;14;;06;29;ANDALUCES;5.0;A
2016;14;;06;41;ANDALUCES;6.0;A
2016;14;;06;C01;ANDALUCES;272.0;A
2016;14;;06;C02;ANDALUCES;26.0;A
2016;14;;06;66;ANDALUCES;252.0;A
2016;14;;06;00;ANDALUCES;550.0;A
2016;18;;00;04;ANDALUCES;18.0;A
2016;18;;00;11;ANDALUCES;16.0;A
2016;18;;00;14;ANDALUCES;11.0;A
2016;18;;00;18;ANDALUCES;1058.0;A
2016;18;;00;21;ANDALUCES;1.0;A
2016;18;;00;23;ANDALUCES;19.0;A
2016;18;;00;29;ANDALUCES;16.0;A
2016;18;;00;41;ANDALUCES;16.0;A
2016;18;;00;C01;ANDALUCES;1155.0;A
2016;18;;00;C02;ANDALUCES;170.0;A
2016;18;;00;66;ANDALUCES;2560.0;A
2016;18;;00;00;ANDALUCES;3885.0;A
2016;18;;01;04;ANDALUCES;8.0;A
2016;18;;01;11;ANDALUCES;7.0;A
2016;18;;01;14;ANDALUCES;6.0;A
2016;18;;01;18;ANDALUCES;572.0;A
2016;18;;01;21;ANDALUCES;1.0;A
2016;18;;01;23;ANDALUCES;8.0;A
2016;18;;01;29;ANDALUCES;6.0;A
2016;18;;01;41;ANDALUCES;9.0;A
2016;18;;01;C01;ANDALUCES;617.0;A
2016;18;;01;C02;ANDALUCES;91.0;A
2016;18;;01;66;ANDALUCES;1247.0;A
2016;18;;01;00;ANDALUCES;1955.0;A
2016;18;;06;04;ANDALUCES;10.0;A
2016;18;;06;11;ANDALUCES;9.0;A
2016;18;;06;14;ANDALUCES;5.0;A
2016;18;;06;18;ANDALUCES;486.0;A
2016;18;;06;23;ANDALUCES;11.0;A
2016;18;;06;29;ANDALUCES;10.0;A
2016;18;;06;41;ANDALUCES;7.0;A
2016;18;;06;C01;ANDALUCES;538.0;A
2016;18;;06;C02;ANDALUCES;79.0;A
2016;18;;06;66;ANDALUCES;1313.0;A
2016;18;;06;00;ANDALUCES;1930.0;A
2016;21;;00;11;ANDALUCES;4.0;A
2016;21;;00;14;ANDALUCES;3.0;A
2016;21;;00;18;ANDALUCES;2.0;A
2016;21;;00;21;ANDALUCES;297.0;A
2016;21;;00;23;ANDALUCES;2.0;A
2016;21;;00;29;ANDALUCES;4.0;A
2016;21;;00;41;ANDALUCES;20.0;A
2016;21;;00;C01;ANDALUCES;332.0;A
2016;21;;00;C02;ANDALUCES;33.0;A
2016;21;;00;66;ANDALUCES;286.0;A
2016;21;;00;00;ANDALUCES;651.0;A
2016;21;;01;11;ANDALUCES;2.0;A
2016;21;;01;14;ANDALUCES;2.0;A
2016;21;;01;21;ANDALUCES;158.0;A
2016;21;;01;29;ANDALUCES;2.0;A
2016;21;;01;41;ANDALUCES;11.0;A
2016;21;;01;C01;ANDALUCES;175.0;A
2016;21;;01;C02;ANDALUCES;21.0;A
2016;21;;01;66;ANDALUCES;146.0;A
2016;21;;01;00;ANDALUCES;342.0;A
2016;21;;06;11;ANDALUCES;2.0;A
2016;21;;06;14;ANDALUCES;1.0;A
2016;21;;06;18;ANDALUCES;2.0;A
2016;21;;06;21;ANDALUCES;139.0;A
2016;21;;06;23;ANDALUCES;2.0;A
2016;21;;06;29;ANDALUCES;2.0;A
2016;21;;06;41;ANDALUCES;9.0;A
2016;21;;06;C01;ANDALUCES;157.0;A
2016;21;;06;C02;ANDALUCES;12.0;A
2016;21;;06;66;ANDALUCES;140.0;A
2016;21;;06;00;ANDALUCES;309.0;A
2016;23;;00;04;ANDALUCES;1.0;A
2016;23;;00;11;ANDALUCES;3.0;A
2016;23;;00;14;ANDALUCES;5.0;A
2016;23;;00;18;ANDALUCES;12.0;A
2016;23;;00;23;ANDALUCES;461.0;A
2016;23;;00;29;ANDALUCES;2.0;A
2016;23;;00;41;ANDALUCES;2.0;A
2016;23;;00;C01;ANDALUCES;486.0;A
2016;23;;00;C02;ANDALUCES;55.0;A
2016;23;;00;66;ANDALUCES;499.0;A
2016;23;;00;NC000;ANDALUCES;2.0;A
2016;23;;00;00;ANDALUCES;1042.0;A
2016;23;;01;04;ANDALUCES;1.0;A
2016;23;;01;11;ANDALUCES;3.0;A
2016;23;;01;14;ANDALUCES;2.0;A
2016;23;;01;18;ANDALUCES;7.0;A
2016;23;;01;23;ANDALUCES;241.0;A
2016;23;;01;41;ANDALUCES;2.0;A
2016;23;;01;C01;ANDALUCES;256.0;A
2016;23;;01;C02;ANDALUCES;30.0;A
2016;23;;01;66;ANDALUCES;256.0;A
2016;23;;01;NC000;ANDALUCES;1.0;A
2016;23;;01;00;ANDALUCES;543.0;A
2016;23;;06;14;ANDALUCES;3.0;A
2016;23;;06;18;ANDALUCES;5.0;A
2016;23;;06;23;ANDALUCES;220.0;A
2016;23;;06;29;ANDALUCES;2.0;A
2016;23;;06;C01;ANDALUCES;230.0;A
2016;23;;06;C02;ANDALUCES;25.0;A
2016;23;;06;66;ANDALUCES;243.0;A
2016;23;;06;NC000;ANDALUCES;1.0;A
2016;23;;06;00;ANDALUCES;499.0;A
2016;29;;00;04;ANDALUCES;10.0;A
2016;29;;00;11;ANDALUCES;64.0;A
2016;29;;00;14;ANDALUCES;46.0;A
2016;29;;00;18;ANDALUCES;44.0;A
2016;29;;00;21;ANDALUCES;6.0;A
2016;29;;00;23;ANDALUCES;23.0;A
2016;29;;00;29;ANDALUCES;1604.0;A
2016;29;;00;41;ANDALUCES;27.0;A
2016;29;;00;C01;ANDALUCES;1824.0;A
2016;29;;00;C02;ANDALUCES;404.0;A
2016;29;;00;66;ANDALUCES;3175.0;A
2016;29;;00;00;ANDALUCES;5403.0;A
2016;29;;01;04;ANDALUCES;6.0;A
2016;29;;01;11;ANDALUCES;37.0;A
2016;29;;01;14;ANDALUCES;21.0;A
2016;29;;01;18;ANDALUCES;27.0;A
2016;29;;01;21;ANDALUCES;5.0;A
2016;29;;01;23;ANDALUCES;14.0;A
2016;29;;01;29;ANDALUCES;821.0;A
2016;29;;01;41;ANDALUCES;16.0;A
2016;29;;01;C01;ANDALUCES;947.0;A
2016;29;;01;C02;ANDALUCES;221.0;A
2016;29;;01;66;ANDALUCES;1627.0;A
2016;29;;01;00;ANDALUCES;2795.0;A
2016;29;;06;04;ANDALUCES;4.0;A
2016;29;;06;11;ANDALUCES;27.0;A
2016;29;;06;14;ANDALUCES;25.0;A
2016;29;;06;18;ANDALUCES;17.0;A
2016;29;;06;21;ANDALUCES;1.0;A
2016;29;;06;23;ANDALUCES;9.0;A
2016;29;;06;29;ANDALUCES;783.0;A
2016;29;;06;41;ANDALUCES;11.0;A
2016;29;;06;C01;ANDALUCES;877.0;A
2016;29;;06;C02;ANDALUCES;183.0;A
2016;29;;06;66;ANDALUCES;1548.0;A
2016;29;;06;00;ANDALUCES;2608.0;A
2016;41;;00;04;ANDALUCES;2.0;A
2016;41;;00;11;ANDALUCES;76.0;A
2016;41;;00;14;ANDALUCES;35.0;A
2016;41;;00;18;ANDALUCES;18.0;A
2016;41;;00;21;ANDALUCES;36.0;A
2016;41;;00;23;ANDALUCES;15.0;A
2016;41;;00;29;ANDALUCES;24.0;A
2016;41;;00;41;ANDALUCES;1601.0;A
2016;41;;00;C01;ANDALUCES;1807.0;A
2016;41;;00;C02;ANDALUCES;288.0;A
2016;41;;00;66;ANDALUCES;1573.0;A
2016;41;;00;00;ANDALUCES;3668.0;A
2016;41;;01;11;ANDALUCES;44.0;A
2016;41;;01;14;ANDALUCES;19.0;A
2016;41;;01;18;ANDALUCES;9.0;A
2016;41;;01;21;ANDALUCES;23.0;A
2016;41;;01;23;ANDALUCES;7.0;A
2016;41;;01;29;ANDALUCES;11.0;A
2016;41;;01;41;ANDALUCES;852.0;A
2016;41;;01;C01;ANDALUCES;965.0;A
2016;41;;01;C02;ANDALUCES;173.0;A
2016;41;;01;66;ANDALUCES;748.0;A
2016;41;;01;00;ANDALUCES;1886.0;A
2016;41;;06;04;ANDALUCES;2.0;A
2016;41;;06;11;ANDALUCES;32.0;A
2016;41;;06;14;ANDALUCES;16.0;A
2016;41;;06;18;ANDALUCES;9.0;A
2016;41;;06;21;ANDALUCES;13.0;A
2016;41;;06;23;ANDALUCES;8.0;A
2016;41;;06;29;ANDALUCES;13.0;A
2016;41;;06;41;ANDALUCES;749.0;A
2016;41;;06;C01;ANDALUCES;842.0;A
2016;41;;06;C02;ANDALUCES;115.0;A
2016;41;;06;66;ANDALUCES;825.0;A
2016;41;;06;00;ANDALUCES;1782.0;A
2016;;;00;04;ANDALUCES;653.0;A
2016;;;00;11;ANDALUCES;1371.0;A
2016;;;00;14;ANDALUCES;655.0;A
2016;;;00;18;ANDALUCES;1177.0;A
2016;;;00;21;ANDALUCES;347.0;A
2016;;;00;23;ANDALUCES;538.0;A
2016;;;00;29;ANDALUCES;1680.0;A
2016;;;00;41;ANDALUCES;1736.0;A
2016;;;00;C01;ANDALUCES;8157.0;A
2016;;;00;C02;ANDALUCES;1332.0;A
2016;;;00;66;ANDALUCES;12040.0;A
2016;;;00;NC000;ANDALUCES;3.0;A
2016;;;00;00;ANDALUCES;21532.0;A
2016;;;01;04;ANDALUCES;358.0;A
2016;;;01;11;ANDALUCES;747.0;A
2016;;;01;14;ANDALUCES;346.0;A
2016;;;01;18;ANDALUCES;642.0;A
2016;;;01;21;ANDALUCES;192.0;A
2016;;;01;23;ANDALUCES;278.0;A
2016;;;01;29;ANDALUCES;852.0;A
2016;;;01;41;ANDALUCES;923.0;A
2016;;;01;C01;ANDALUCES;4338.0;A
2016;;;01;C02;ANDALUCES;739.0;A
2016;;;01;66;ANDALUCES;5977.0;A
2016;;;01;NC000;ANDALUCES;2.0;A
2016;;;01;00;ANDALUCES;11056.0;A
2016;;;06;04;ANDALUCES;295.0;A
2016;;;06;11;ANDALUCES;624.0;A
2016;;;06;14;ANDALUCES;309.0;A
2016;;;06;18;ANDALUCES;535.0;A
2016;;;06;21;ANDALUCES;155.0;A
2016;;;06;23;ANDALUCES;260.0;A
2016;;;06;29;ANDALUCES;828.0;A
2016;;;06;41;ANDALUCES;813.0;A
2016;;;06;C01;ANDALUCES;3819.0;A
2016;;;06;C02;ANDALUCES;593.0;A
2016;;;06;66;ANDALUCES;6063.0;A
2016;;;06;NC000;ANDALUCES;1.0;A
2016;;;06;00;ANDALUCES;10476.0;A
2016;C02;;00;04;ANDALUCES;115.0;A
2016;C02;;00;11;ANDALUCES;251.0;A
2016;C02;;00;14;ANDALUCES;163.0;A
2016;C02;;00;18;ANDALUCES;219.0;A
2016;C02;;00;21;ANDALUCES;49.0;A
2016;C02;;00;23;ANDALUCES;159.0;A
2016;C02;;00;29;ANDALUCES;179.0;A
2016;C02;;00;41;ANDALUCES;235.0;A
2016;C02;;00;C01;ANDALUCES;1370.0;A
2016;C02;;00;00;ANDALUCES;1370.0;A
2016;C02;;01;04;ANDALUCES;65.0;A
2016;C02;;01;11;ANDALUCES;130.0;A
2016;C02;;01;14;ANDALUCES;102.0;A
2016;C02;;01;18;ANDALUCES;125.0;A
2016;C02;;01;21;ANDALUCES;27.0;A
2016;C02;;01;23;ANDALUCES;94.0;A
2016;C02;;01;29;ANDALUCES;93.0;A
2016;C02;;01;41;ANDALUCES;145.0;A
2016;C02;;01;C01;ANDALUCES;781.0;A
2016;C02;;01;00;ANDALUCES;781.0;A
2016;C02;;06;04;ANDALUCES;50.0;A
2016;C02;;06;11;ANDALUCES;121.0;A
2016;C02;;06;14;ANDALUCES;61.0;A
2016;C02;;06;18;ANDALUCES;94.0;A
2016;C02;;06;21;ANDALUCES;22.0;A
2016;C02;;06;23;ANDALUCES;65.0;A
2016;C02;;06;29;ANDALUCES;86.0;A
2016;C02;;06;41;ANDALUCES;90.0;A
2016;C02;;06;C01;ANDALUCES;589.0;A
2016;C02;;06;00;ANDALUCES;589.0;A
2016;00;;00;04;ANDALUCES;768.0;A
2016;00;;00;11;ANDALUCES;1622.0;A
2016;00;;00;14;ANDALUCES;818.0;A
2016;00;;00;18;ANDALUCES;1396.0;A
2016;00;;00;21;ANDALUCES;396.0;A
2016;00;;00;23;ANDALUCES;697.0;A
2016;00;;00;29;ANDALUCES;1859.0;A
2016;00;;00;41;ANDALUCES;1971.0;A
2016;00;;00;C01;ANDALUCES;9527.0;A
2016;00;;00;C02;ANDALUCES;1332.0;A
2016;00;;00;66;ANDALUCES;12040.0;A
2016;00;;00;NC000;ANDALUCES;3.0;A
2016;00;;00;00;ANDALUCES;22902.0;A
2016;00;;01;04;ANDALUCES;423.0;A
2016;00;;01;11;ANDALUCES;877.0;A
2016;00;;01;14;ANDALUCES;448.0;A
2016;00;;01;18;ANDALUCES;767.0;A
2016;00;;01;21;ANDALUCES;219.0;A
2016;00;;01;23;ANDALUCES;372.0;A
2016;00;;01;29;ANDALUCES;945.0;A
2016;00;;01;41;ANDALUCES;1068.0;A
2016;00;;01;C01;ANDALUCES;5119.0;A
2016;00;;01;C02;ANDALUCES;739.0;A
2016;00;;01;66;ANDALUCES;5977.0;A
2016;00;;01;NC000;ANDALUCES;2.0;A
2016;00;;01;00;ANDALUCES;11837.0;A
2016;00;;06;04;ANDALUCES;345.0;A
2016;00;;06;11;ANDALUCES;745.0;A
2016;00;;06;14;ANDALUCES;370.0;A
2016;00;;06;18;ANDALUCES;629.0;A
2016;00;;06;21;ANDALUCES;177.0;A
2016;00;;06;23;ANDALUCES;325.0;A
2016;00;;06;29;ANDALUCES;914.0;A
2016;00;;06;41;ANDALUCES;903.0;A
2016;00;;06;C01;ANDALUCES;4408.0;A
2016;00;;06;C02;ANDALUCES;593.0;A
2016;00;;06;66;ANDALUCES;6063.0;A
2016;00;;06;NC000;ANDALUCES;1.0;A
2016;00;;06;00;ANDALUCES;11065.0;A
2017;04;;00;04;ANDALUCES;578.0;A
2017;04;;00;11;ANDALUCES;4.0;A
2017;04;;00;14;ANDALUCES;3.0;A
2017;04;;00;18;ANDALUCES;27.0;A
2017;04;;00;23;ANDALUCES;9.0;A
2017;04;;00;29;ANDALUCES;4.0;A
2017;04;;00;41;ANDALUCES;1.0;A
2017;04;;00;C01;ANDALUCES;626.0;A
2017;04;;00;C02;ANDALUCES;90.0;A
2017;04;;00;66;ANDALUCES;1831.0;A
2017;04;;00;NC000;ANDALUCES;1.0;A
2017;04;;00;00;ANDALUCES;2548.0;A
2017;04;;01;04;ANDALUCES;294.0;A
2017;04;;01;11;ANDALUCES;1.0;A
2017;04;;01;14;ANDALUCES;1.0;A
2017;04;;01;18;ANDALUCES;18.0;A
2017;04;;01;23;ANDALUCES;4.0;A
2017;04;;01;29;ANDALUCES;4.0;A
2017;04;;01;C01;ANDALUCES;322.0;A
2017;04;;01;C02;ANDALUCES;45.0;A
2017;04;;01;66;ANDALUCES;881.0;A
2017;04;;01;NC000;ANDALUCES;1.0;A
2017;04;;01;00;ANDALUCES;1249.0;A
2017;04;;06;04;ANDALUCES;284.0;A
2017;04;;06;11;ANDALUCES;3.0;A
2017;04;;06;14;ANDALUCES;2.0;A
2017;04;;06;18;ANDALUCES;9.0;A
2017;04;;06;23;ANDALUCES;5.0;A
2017;04;;06;41;ANDALUCES;1.0;A
2017;04;;06;C01;ANDALUCES;304.0;A
2017;04;;06;C02;ANDALUCES;45.0;A
2017;04;;06;66;ANDALUCES;950.0;A
2017;04;;06;00;ANDALUCES;1299.0;A
2017;11;;00;04;ANDALUCES;1.0;A
2017;11;;00;11;ANDALUCES;1152.0;A
2017;11;;00;14;ANDALUCES;13.0;A
2017;11;;00;18;ANDALUCES;7.0;A
2017;11;;00;21;ANDALUCES;3.0;A
2017;11;;00;23;ANDALUCES;4.0;A
2017;11;;00;29;ANDALUCES;15.0;A
2017;11;;00;41;ANDALUCES;38.0;A
2017;11;;00;C01;ANDALUCES;1233.0;A
2017;11;;00;C02;ANDALUCES;186.0;A
2017;11;;00;66;ANDALUCES;916.0;A
2017;11;;00;00;ANDALUCES;2335.0;A
2017;11;;01;11;ANDALUCES;574.0;A
2017;11;;01;14;ANDALUCES;8.0;A
2017;11;;01;18;ANDALUCES;4.0;A
2017;11;;01;21;ANDALUCES;3.0;A
2017;11;;01;23;ANDALUCES;2.0;A
2017;11;;01;29;ANDALUCES;9.0;A
2017;11;;01;41;ANDALUCES;17.0;A
2017;11;;01;C01;ANDALUCES;617.0;A
2017;11;;01;C02;ANDALUCES;110.0;A
2017;11;;01;66;ANDALUCES;461.0;A
2017;11;;01;00;ANDALUCES;1188.0;A
2017;11;;06;04;ANDALUCES;1.0;A
2017;11;;06;11;ANDALUCES;578.0;A
2017;11;;06;14;ANDALUCES;5.0;A
2017;11;;06;18;ANDALUCES;3.0;A
2017;11;;06;23;ANDALUCES;2.0;A
2017;11;;06;29;ANDALUCES;6.0;A
2017;11;;06;41;ANDALUCES;21.0;A
2017;11;;06;C01;ANDALUCES;616.0;A
2017;11;;06;C02;ANDALUCES;76.0;A
2017;11;;06;66;ANDALUCES;455.0;A
2017;11;;06;00;ANDALUCES;1147.0;A
2017;14;;00;04;ANDALUCES;2.0;A
2017;14;;00;11;ANDALUCES;8.0;A
2017;14;;00;14;ANDALUCES;604.0;A
2017;14;;00;18;ANDALUCES;2.0;A
2017;14;;00;21;ANDALUCES;2.0;A
2017;14;;00;23;ANDALUCES;9.0;A
2017;14;;00;29;ANDALUCES;2.0;A
2017;14;;00;41;ANDALUCES;10.0;A
2017;14;;00;C01;ANDALUCES;639.0;A
2017;14;;00;C02;ANDALUCES;63.0;A
2017;14;;00;66;ANDALUCES;574.0;A
2017;14;;00;00;ANDALUCES;1276.0;A
2017;14;;01;04;ANDALUCES;1.0;A
2017;14;;01;11;ANDALUCES;5.0;A
2017;14;;01;14;ANDALUCES;305.0;A
2017;14;;01;18;ANDALUCES;2.0;A
2017;14;;01;21;ANDALUCES;2.0;A
2017;14;;01;23;ANDALUCES;6.0;A
2017;14;;01;41;ANDALUCES;5.0;A
2017;14;;01;C01;ANDALUCES;326.0;A
2017;14;;01;C02;ANDALUCES;25.0;A
2017;14;;01;66;ANDALUCES;283.0;A
2017;14;;01;00;ANDALUCES;634.0;A
2017;14;;06;04;ANDALUCES;1.0;A
2017;14;;06;11;ANDALUCES;3.0;A
2017;14;;06;14;ANDALUCES;299.0;A
2017;14;;06;23;ANDALUCES;3.0;A
2017;14;;06;29;ANDALUCES;2.0;A
2017;14;;06;41;ANDALUCES;5.0;A
2017;14;;06;C01;ANDALUCES;313.0;A
2017;14;;06;C02;ANDALUCES;38.0;A
2017;14;;06;66;ANDALUCES;291.0;A
2017;14;;06;00;ANDALUCES;642.0;A
2017;18;;00;04;ANDALUCES;8.0;A
2017;18;;00;11;ANDALUCES;12.0;A
2017;18;;00;14;ANDALUCES;15.0;A
2017;18;;00;18;ANDALUCES;911.0;A
2017;18;;00;21;ANDALUCES;5.0;A
2017;18;;00;23;ANDALUCES;26.0;A
2017;18;;00;29;ANDALUCES;20.0;A
2017;18;;00;41;ANDALUCES;6.0;A
2017;18;;00;C01;ANDALUCES;1003.0;A
2017;18;;00;C02;ANDALUCES;161.0;A
2017;18;;00;66;ANDALUCES;1903.0;A
2017;18;;00;00;ANDALUCES;3067.0;A
2017;18;;01;04;ANDALUCES;5.0;A
2017;18;;01;11;ANDALUCES;8.0;A
2017;18;;01;14;ANDALUCES;10.0;A
2017;18;;01;18;ANDALUCES;453.0;A
2017;18;;01;21;ANDALUCES;2.0;A
2017;18;;01;23;ANDALUCES;12.0;A
2017;18;;01;29;ANDALUCES;5.0;A
2017;18;;01;41;ANDALUCES;2.0;A
2017;18;;01;C01;ANDALUCES;497.0;A
2017;18;;01;C02;ANDALUCES;94.0;A
2017;18;;01;66;ANDALUCES;905.0;A
2017;18;;01;00;ANDALUCES;1496.0;A
2017;18;;06;04;ANDALUCES;3.0;A
2017;18;;06;11;ANDALUCES;4.0;A
2017;18;;06;14;ANDALUCES;5.0;A
2017;18;;06;18;ANDALUCES;458.0;A
2017;18;;06;21;ANDALUCES;3.0;A
2017;18;;06;23;ANDALUCES;14.0;A
2017;18;;06;29;ANDALUCES;15.0;A
2017;18;;06;41;ANDALUCES;4.0;A
2017;18;;06;C01;ANDALUCES;506.0;A
2017;18;;06;C02;ANDALUCES;67.0;A
2017;18;;06;66;ANDALUCES;998.0;A
2017;18;;06;00;ANDALUCES;1571.0;A
2017;21;;00;11;ANDALUCES;1.0;A
2017;21;;00;14;ANDALUCES;5.0;A
2017;21;;00;18;ANDALUCES;2.0;A
2017;21;;00;21;ANDALUCES;261.0;A
2017;21;;00;23;ANDALUCES;1.0;A
2017;21;;00;29;ANDALUCES;5.0;A
2017;21;;00;41;ANDALUCES;21.0;A
2017;21;;00;C01;ANDALUCES;296.0;A
2017;21;;00;C02;ANDALUCES;45.0;A
2017;21;;00;66;ANDALUCES;330.0;A
2017;21;;00;00;ANDALUCES;671.0;A
2017;21;;01;11;ANDALUCES;1.0;A
2017;21;;01;14;ANDALUCES;3.0;A
2017;21;;01;18;ANDALUCES;2.0;A
2017;21;;01;21;ANDALUCES;126.0;A
2017;21;;01;29;ANDALUCES;2.0;A
2017;21;;01;41;ANDALUCES;11.0;A
2017;21;;01;C01;ANDALUCES;145.0;A
2017;21;;01;C02;ANDALUCES;20.0;A
2017;21;;01;66;ANDALUCES;160.0;A
2017;21;;01;00;ANDALUCES;325.0;A
2017;21;;06;14;ANDALUCES;2.0;A
2017;21;;06;21;ANDALUCES;135.0;A
2017;21;;06;23;ANDALUCES;1.0;A
2017;21;;06;29;ANDALUCES;3.0;A
2017;21;;06;41;ANDALUCES;10.0;A
2017;21;;06;C01;ANDALUCES;151.0;A
2017;21;;06;C02;ANDALUCES;25.0;A
2017;21;;06;66;ANDALUCES;170.0;A
2017;21;;06;00;ANDALUCES;346.0;A
2017;23;;00;04;ANDALUCES;2.0;A
2017;23;;00;11;ANDALUCES;2.0;A
2017;23;;00;14;ANDALUCES;3.0;A
2017;23;;00;18;ANDALUCES;5.0;A
2017;23;;00;23;ANDALUCES;387.0;A
2017;23;;00;29;ANDALUCES;1.0;A
2017;23;;00;41;ANDALUCES;2.0;A
2017;23;;00;C01;ANDALUCES;402.0;A
2017;23;;00;C02;ANDALUCES;53.0;A
2017;23;;00;66;ANDALUCES;486.0;A
2017;23;;00;00;ANDALUCES;941.0;A
2017;23;;01;04;ANDALUCES;1.0;A
2017;23;;01;11;ANDALUCES;2.0;A
2017;23;;01;14;ANDALUCES;1.0;A
2017;23;;01;18;ANDALUCES;3.0;A
2017;23;;01;23;ANDALUCES;212.0;A
2017;23;;01;41;ANDALUCES;2.0;A
2017;23;;01;C01;ANDALUCES;221.0;A
2017;23;;01;C02;ANDALUCES;28.0;A
2017;23;;01;66;ANDALUCES;260.0;A
2017;23;;01;00;ANDALUCES;509.0;A
2017;23;;06;04;ANDALUCES;1.0;A
2017;23;;06;14;ANDALUCES;2.0;A
2017;23;;06;18;ANDALUCES;2.0;A
2017;23;;06;23;ANDALUCES;175.0;A
2017;23;;06;29;ANDALUCES;1.0;A
2017;23;;06;C01;ANDALUCES;181.0;A
2017;23;;06;C02;ANDALUCES;25.0;A
2017;23;;06;66;ANDALUCES;226.0;A
2017;23;;06;00;ANDALUCES;432.0;A
2017;29;;00;04;ANDALUCES;8.0;A
2017;29;;00;11;ANDALUCES;52.0;A
2017;29;;00;14;ANDALUCES;28.0;A
2017;29;;00;18;ANDALUCES;46.0;A
2017;29;;00;21;ANDALUCES;3.0;A
2017;29;;00;23;ANDALUCES;27.0;A
2017;29;;00;29;ANDALUCES;1538.0;A
2017;29;;00;41;ANDALUCES;29.0;A
2017;29;;00;C01;ANDALUCES;1731.0;A
2017;29;;00;C02;ANDALUCES;303.0;A
2017;29;;00;66;ANDALUCES;3155.0;A
2017;29;;00;NC000;ANDALUCES;2.0;A
2017;29;;00;00;ANDALUCES;5191.0;A
2017;29;;01;04;ANDALUCES;6.0;A
2017;29;;01;11;ANDALUCES;26.0;A
2017;29;;01;14;ANDALUCES;14.0;A
2017;29;;01;18;ANDALUCES;27.0;A
2017;29;;01;21;ANDALUCES;2.0;A
2017;29;;01;23;ANDALUCES;13.0;A
2017;29;;01;29;ANDALUCES;775.0;A
2017;29;;01;41;ANDALUCES;15.0;A
2017;29;;01;C01;ANDALUCES;878.0;A
2017;29;;01;C02;ANDALUCES;168.0;A
2017;29;;01;66;ANDALUCES;1619.0;A
2017;29;;01;NC000;ANDALUCES;1.0;A
2017;29;;01;00;ANDALUCES;2666.0;A
2017;29;;06;04;ANDALUCES;2.0;A
2017;29;;06;11;ANDALUCES;26.0;A
2017;29;;06;14;ANDALUCES;14.0;A
2017;29;;06;18;ANDALUCES;19.0;A
2017;29;;06;21;ANDALUCES;1.0;A
2017;29;;06;23;ANDALUCES;14.0;A
2017;29;;06;29;ANDALUCES;763.0;A
2017;29;;06;41;ANDALUCES;14.0;A
2017;29;;06;C01;ANDALUCES;853.0;A
2017;29;;06;C02;ANDALUCES;135.0;A
2017;29;;06;66;ANDALUCES;1536.0;A
2017;29;;06;NC000;ANDALUCES;1.0;A
2017;29;;06;00;ANDALUCES;2525.0;A
2017;41;;00;04;ANDALUCES;9.0;A
2017;41;;00;11;ANDALUCES;49.0;A
2017;41;;00;14;ANDALUCES;26.0;A
2017;41;;00;18;ANDALUCES;16.0;A
2017;41;;00;21;ANDALUCES;25.0;A
2017;41;;00;23;ANDALUCES;19.0;A
2017;41;;00;29;ANDALUCES;23.0;A
2017;41;;00;41;ANDALUCES;1542.0;A
2017;41;;00;C01;ANDALUCES;1709.0;A
2017;41;;00;C02;ANDALUCES;234.0;A
2017;41;;00;66;ANDALUCES;1659.0;A
2017;41;;00;00;ANDALUCES;3602.0;A
2017;41;;01;04;ANDALUCES;7.0;A
2017;41;;01;11;ANDALUCES;23.0;A
2017;41;;01;14;ANDALUCES;14.0;A
2017;41;;01;18;ANDALUCES;11.0;A
2017;41;;01;21;ANDALUCES;9.0;A
2017;41;;01;23;ANDALUCES;8.0;A
2017;41;;01;29;ANDALUCES;10.0;A
2017;41;;01;41;ANDALUCES;791.0;A
2017;41;;01;C01;ANDALUCES;873.0;A
2017;41;;01;C02;ANDALUCES;124.0;A
2017;41;;01;66;ANDALUCES;816.0;A
2017;41;;01;00;ANDALUCES;1813.0;A
2017;41;;06;04;ANDALUCES;2.0;A
2017;41;;06;11;ANDALUCES;26.0;A
2017;41;;06;14;ANDALUCES;12.0;A
2017;41;;06;18;ANDALUCES;5.0;A
2017;41;;06;21;ANDALUCES;16.0;A
2017;41;;06;23;ANDALUCES;11.0;A
2017;41;;06;29;ANDALUCES;13.0;A
2017;41;;06;41;ANDALUCES;751.0;A
2017;41;;06;C01;ANDALUCES;836.0;A
2017;41;;06;C02;ANDALUCES;110.0;A
2017;41;;06;66;ANDALUCES;843.0;A
2017;41;;06;00;ANDALUCES;1789.0;A
2017;;;00;04;ANDALUCES;608.0;A
2017;;;00;11;ANDALUCES;1280.0;A
2017;;;00;14;ANDALUCES;697.0;A
2017;;;00;18;ANDALUCES;1016.0;A
2017;;;00;21;ANDALUCES;299.0;A
2017;;;00;23;ANDALUCES;482.0;A
2017;;;00;29;ANDALUCES;1608.0;A
2017;;;00;41;ANDALUCES;1649.0;A
2017;;;00;C01;ANDALUCES;7639.0;A
2017;;;00;C02;ANDALUCES;1135.0;A
2017;;;00;66;ANDALUCES;10854.0;A
2017;;;00;NC000;ANDALUCES;3.0;A
2017;;;00;00;ANDALUCES;19631.0;A
2017;;;01;04;ANDALUCES;314.0;A
2017;;;01;11;ANDALUCES;640.0;A
2017;;;01;14;ANDALUCES;356.0;A
2017;;;01;18;ANDALUCES;520.0;A
2017;;;01;21;ANDALUCES;144.0;A
2017;;;01;23;ANDALUCES;257.0;A
2017;;;01;29;ANDALUCES;805.0;A
2017;;;01;41;ANDALUCES;843.0;A
2017;;;01;C01;ANDALUCES;3879.0;A
2017;;;01;C02;ANDALUCES;614.0;A
2017;;;01;66;ANDALUCES;5385.0;A
2017;;;01;NC000;ANDALUCES;2.0;A
2017;;;01;00;ANDALUCES;9880.0;A
2017;;;06;04;ANDALUCES;294.0;A
2017;;;06;11;ANDALUCES;640.0;A
2017;;;06;14;ANDALUCES;341.0;A
2017;;;06;18;ANDALUCES;496.0;A
2017;;;06;21;ANDALUCES;155.0;A
2017;;;06;23;ANDALUCES;225.0;A
2017;;;06;29;ANDALUCES;803.0;A
2017;;;06;41;ANDALUCES;806.0;A
2017;;;06;C01;ANDALUCES;3760.0;A
2017;;;06;C02;ANDALUCES;521.0;A
2017;;;06;66;ANDALUCES;5469.0;A
2017;;;06;NC000;ANDALUCES;1.0;A
2017;;;06;00;ANDALUCES;9751.0;A
2017;C02;;00;04;ANDALUCES;105.0;A
2017;C02;;00;11;ANDALUCES;254.0;A
2017;C02;;00;14;ANDALUCES;133.0;A
2017;C02;;00;18;ANDALUCES;199.0;A
2017;C02;;00;21;ANDALUCES;44.0;A
2017;C02;;00;23;ANDALUCES;168.0;A
2017;C02;;00;29;ANDALUCES;210.0;A
2017;C02;;00;41;ANDALUCES;239.0;A
2017;C02;;00;C01;ANDALUCES;1352.0;A
2017;C02;;00;00;ANDALUCES;1352.0;A
2017;C02;;01;04;ANDALUCES;60.0;A
2017;C02;;01;11;ANDALUCES;141.0;A
2017;C02;;01;14;ANDALUCES;78.0;A
2017;C02;;01;18;ANDALUCES;108.0;A
2017;C02;;01;21;ANDALUCES;26.0;A
2017;C02;;01;23;ANDALUCES;100.0;A
2017;C02;;01;29;ANDALUCES;114.0;A
2017;C02;;01;41;ANDALUCES;132.0;A
2017;C02;;01;C01;ANDALUCES;759.0;A
2017;C02;;01;00;ANDALUCES;759.0;A
2017;C02;;06;04;ANDALUCES;45.0;A
2017;C02;;06;11;ANDALUCES;113.0;A
2017;C02;;06;14;ANDALUCES;55.0;A
2017;C02;;06;18;ANDALUCES;91.0;A
2017;C02;;06;21;ANDALUCES;18.0;A
2017;C02;;06;23;ANDALUCES;68.0;A
2017;C02;;06;29;ANDALUCES;96.0;A
2017;C02;;06;41;ANDALUCES;107.0;A
2017;C02;;06;C01;ANDALUCES;593.0;A
2017;C02;;06;00;ANDALUCES;593.0;A
2017;00;;00;04;ANDALUCES;713.0;A
2017;00;;00;11;ANDALUCES;1534.0;A
2017;00;;00;14;ANDALUCES;830.0;A
2017;00;;00;18;ANDALUCES;1215.0;A
2017;00;;00;21;ANDALUCES;343.0;A
2017;00;;00;23;ANDALUCES;650.0;A
2017;00;;00;29;ANDALUCES;1818.0;A
2017;00;;00;41;ANDALUCES;1888.0;A
2017;00;;00;C01;ANDALUCES;8991.0;A
2017;00;;00;C02;ANDALUCES;1135.0;A
2017;00;;00;66;ANDALUCES;10854.0;A
2017;00;;00;NC000;ANDALUCES;3.0;A
2017;00;;00;00;ANDALUCES;20983.0;A
2017;00;;01;04;ANDALUCES;374.0;A
2017;00;;01;11;ANDALUCES;781.0;A
2017;00;;01;14;ANDALUCES;434.0;A
2017;00;;01;18;ANDALUCES;628.0;A
2017;00;;01;21;ANDALUCES;170.0;A
2017;00;;01;23;ANDALUCES;357.0;A
2017;00;;01;29;ANDALUCES;919.0;A
2017;00;;01;41;ANDALUCES;975.0;A
2017;00;;01;C01;ANDALUCES;4638.0;A
2017;00;;01;C02;ANDALUCES;614.0;A
2017;00;;01;66;ANDALUCES;5385.0;A
2017;00;;01;NC000;ANDALUCES;2.0;A
2017;00;;01;00;ANDALUCES;10639.0;A
2017;00;;06;04;ANDALUCES;339.0;A
2017;00;;06;11;ANDALUCES;753.0;A
2017;00;;06;14;ANDALUCES;396.0;A
2017;00;;06;18;ANDALUCES;587.0;A
2017;00;;06;21;ANDALUCES;173.0;A
2017;00;;06;23;ANDALUCES;293.0;A
2017;00;;06;29;ANDALUCES;899.0;A
2017;00;;06;41;ANDALUCES;913.0;A
2017;00;;06;C01;ANDALUCES;4353.0;A
2017;00;;06;C02;ANDALUCES;521.0;A
2017;00;;06;66;ANDALUCES;5469.0;A
2017;00;;06;NC000;ANDALUCES;1.0;A
2017;00;;06;00;ANDALUCES;10344.0;A
2018;04;;00;04;ANDALUCES;558.0;A
2018;04;;00;11;ANDALUCES;1.0;A
2018;04;;00;14;ANDALUCES;2.0;A
2018;04;;00;18;ANDALUCES;16.0;A
2018;04;;00;21;ANDALUCES;1.0;A
2018;04;;00;23;ANDALUCES;4.0;A
2018;04;;00;29;ANDALUCES;5.0;A
2018;04;;00;41;ANDALUCES;10.0;A
2018;04;;00;C01;ANDALUCES;597.0;A
2018;04;;00;C02;ANDALUCES;92.0;A
2018;04;;00;66;ANDALUCES;1546.0;A
2018;04;;00;00;ANDALUCES;2235.0;A
2018;04;;01;04;ANDALUCES;297.0;A
2018;04;;01;11;ANDALUCES;1.0;A
2018;04;;01;14;ANDALUCES;1.0;A
2018;04;;01;18;ANDALUCES;6.0;A
2018;04;;01;21;ANDALUCES;1.0;A
2018;04;;01;23;ANDALUCES;1.0;A
2018;04;;01;29;ANDALUCES;3.0;A
2018;04;;01;41;ANDALUCES;7.0;A
2018;04;;01;C01;ANDALUCES;317.0;A
2018;04;;01;C02;ANDALUCES;51.0;A
2018;04;;01;66;ANDALUCES;755.0;A
2018;04;;01;00;ANDALUCES;1123.0;A
2018;04;;06;04;ANDALUCES;261.0;A
2018;04;;06;14;ANDALUCES;1.0;A
2018;04;;06;18;ANDALUCES;10.0;A
2018;04;;06;23;ANDALUCES;3.0;A
2018;04;;06;29;ANDALUCES;2.0;A
2018;04;;06;41;ANDALUCES;3.0;A
2018;04;;06;C01;ANDALUCES;280.0;A
2018;04;;06;C02;ANDALUCES;41.0;A
2018;04;;06;66;ANDALUCES;791.0;A
2018;04;;06;00;ANDALUCES;1112.0;A
2018;11;;00;04;ANDALUCES;3.0;A
2018;11;;00;11;ANDALUCES;1010.0;A
2018;11;;00;14;ANDALUCES;15.0;A
2018;11;;00;18;ANDALUCES;10.0;A
2018;11;;00;21;ANDALUCES;5.0;A
2018;11;;00;23;ANDALUCES;3.0;A
2018;11;;00;29;ANDALUCES;20.0;A
2018;11;;00;41;ANDALUCES;24.0;A
2018;11;;00;C01;ANDALUCES;1090.0;A
2018;11;;00;C02;ANDALUCES;155.0;A
2018;11;;00;66;ANDALUCES;901.0;A
2018;11;;00;00;ANDALUCES;2146.0;A
2018;11;;01;04;ANDALUCES;2.0;A
2018;11;;01;11;ANDALUCES;547.0;A
2018;11;;01;14;ANDALUCES;9.0;A
2018;11;;01;18;ANDALUCES;5.0;A
2018;11;;01;21;ANDALUCES;2.0;A
2018;11;;01;23;ANDALUCES;1.0;A
2018;11;;01;29;ANDALUCES;12.0;A
2018;11;;01;41;ANDALUCES;11.0;A
2018;11;;01;C01;ANDALUCES;589.0;A
2018;11;;01;C02;ANDALUCES;79.0;A
2018;11;;01;66;ANDALUCES;456.0;A
2018;11;;01;00;ANDALUCES;1124.0;A
2018;11;;06;04;ANDALUCES;1.0;A
2018;11;;06;11;ANDALUCES;463.0;A
2018;11;;06;14;ANDALUCES;6.0;A
2018;11;;06;18;ANDALUCES;5.0;A
2018;11;;06;21;ANDALUCES;3.0;A
2018;11;;06;23;ANDALUCES;2.0;A
2018;11;;06;29;ANDALUCES;8.0;A
2018;11;;06;41;ANDALUCES;13.0;A
2018;11;;06;C01;ANDALUCES;501.0;A
2018;11;;06;C02;ANDALUCES;76.0;A
2018;11;;06;66;ANDALUCES;445.0;A
2018;11;;06;00;ANDALUCES;1022.0;A
2018;14;;00;04;ANDALUCES;2.0;A
2018;14;;00;11;ANDALUCES;2.0;A
2018;14;;00;14;ANDALUCES;441.0;A
2018;14;;00;18;ANDALUCES;5.0;A
2018;14;;00;23;ANDALUCES;2.0;A
2018;14;;00;29;ANDALUCES;5.0;A
2018;14;;00;41;ANDALUCES;5.0;A
2018;14;;00;C01;ANDALUCES;462.0;A
2018;14;;00;C02;ANDALUCES;50.0;A
2018;14;;00;66;ANDALUCES;478.0;A
2018;14;;00;00;ANDALUCES;990.0;A
2018;14;;01;04;ANDALUCES;2.0;A
2018;14;;01;11;ANDALUCES;1.0;A
2018;14;;01;14;ANDALUCES;241.0;A
2018;14;;01;18;ANDALUCES;2.0;A
2018;14;;01;29;ANDALUCES;4.0;A
2018;14;;01;41;ANDALUCES;1.0;A
2018;14;;01;C01;ANDALUCES;251.0;A
2018;14;;01;C02;ANDALUCES;30.0;A
2018;14;;01;66;ANDALUCES;242.0;A
2018;14;;01;00;ANDALUCES;523.0;A
2018;14;;06;11;ANDALUCES;1.0;A
2018;14;;06;14;ANDALUCES;200.0;A
2018;14;;06;18;ANDALUCES;3.0;A
2018;14;;06;23;ANDALUCES;2.0;A
2018;14;;06;29;ANDALUCES;1.0;A
2018;14;;06;41;ANDALUCES;4.0;A
2018;14;;06;C01;ANDALUCES;211.0;A
2018;14;;06;C02;ANDALUCES;20.0;A
2018;14;;06;66;ANDALUCES;236.0;A
2018;14;;06;00;ANDALUCES;467.0;A
2018;18;;00;04;ANDALUCES;22.0;A
2018;18;;00;11;ANDALUCES;16.0;A
2018;18;;00;14;ANDALUCES;11.0;A
2018;18;;00;18;ANDALUCES;798.0;A
2018;18;;00;21;ANDALUCES;4.0;A
2018;18;;00;23;ANDALUCES;12.0;A
2018;18;;00;29;ANDALUCES;15.0;A
2018;18;;00;41;ANDALUCES;7.0;A
2018;18;;00;C01;ANDALUCES;885.0;A
2018;18;;00;C02;ANDALUCES;120.0;A
2018;18;;00;66;ANDALUCES;1603.0;A
2018;18;;00;00;ANDALUCES;2608.0;A
2018;18;;01;04;ANDALUCES;10.0;A
2018;18;;01;11;ANDALUCES;4.0;A
2018;18;;01;14;ANDALUCES;4.0;A
2018;18;;01;18;ANDALUCES;429.0;A
2018;18;;01;23;ANDALUCES;9.0;A
2018;18;;01;29;ANDALUCES;7.0;A
2018;18;;01;41;ANDALUCES;2.0;A
2018;18;;01;C01;ANDALUCES;465.0;A
2018;18;;01;C02;ANDALUCES;68.0;A
2018;18;;01;66;ANDALUCES;823.0;A
2018;18;;01;00;ANDALUCES;1356.0;A
2018;18;;06;04;ANDALUCES;12.0;A
2018;18;;06;11;ANDALUCES;12.0;A
2018;18;;06;14;ANDALUCES;7.0;A
2018;18;;06;18;ANDALUCES;369.0;A
2018;18;;06;21;ANDALUCES;4.0;A
2018;18;;06;23;ANDALUCES;3.0;A
2018;18;;06;29;ANDALUCES;8.0;A
2018;18;;06;41;ANDALUCES;5.0;A
2018;18;;06;C01;ANDALUCES;420.0;A
2018;18;;06;C02;ANDALUCES;52.0;A
2018;18;;06;66;ANDALUCES;780.0;A
2018;18;;06;00;ANDALUCES;1252.0;A
2018;21;;00;04;ANDALUCES;1.0;A
2018;21;;00;11;ANDALUCES;5.0;A
2018;21;;00;14;ANDALUCES;3.0;A
2018;21;;00;18;ANDALUCES;1.0;A
2018;21;;00;21;ANDALUCES;259.0;A
2018;21;;00;23;ANDALUCES;3.0;A
2018;21;;00;41;ANDALUCES;17.0;A
2018;21;;00;C01;ANDALUCES;289.0;A
2018;21;;00;C02;ANDALUCES;27.0;A
2018;21;;00;66;ANDALUCES;294.0;A
2018;21;;00;00;ANDALUCES;610.0;A
2018;21;;01;11;ANDALUCES;3.0;A
2018;21;;01;14;ANDALUCES;2.0;A
2018;21;;01;18;ANDALUCES;1.0;A
2018;21;;01;21;ANDALUCES;152.0;A
2018;21;;01;23;ANDALUCES;1.0;A
2018;21;;01;41;ANDALUCES;9.0;A
2018;21;;01;C01;ANDALUCES;168.0;A
2018;21;;01;C02;ANDALUCES;16.0;A
2018;21;;01;66;ANDALUCES;153.0;A
2018;21;;01;00;ANDALUCES;337.0;A
2018;21;;06;04;ANDALUCES;1.0;A
2018;21;;06;11;ANDALUCES;2.0;A
2018;21;;06;14;ANDALUCES;1.0;A
2018;21;;06;21;ANDALUCES;107.0;A
2018;21;;06;23;ANDALUCES;2.0;A
2018;21;;06;41;ANDALUCES;8.0;A
2018;21;;06;C01;ANDALUCES;121.0;A
2018;21;;06;C02;ANDALUCES;11.0;A
2018;21;;06;66;ANDALUCES;141.0;A
2018;21;;06;00;ANDALUCES;273.0;A
2018;23;;00;11;ANDALUCES;1.0;A
2018;23;;00;14;ANDALUCES;9.0;A
2018;23;;00;18;ANDALUCES;5.0;A
2018;23;;00;21;ANDALUCES;1.0;A
2018;23;;00;23;ANDALUCES;337.0;A
2018;23;;00;41;ANDALUCES;4.0;A
2018;23;;00;C01;ANDALUCES;357.0;A
2018;23;;00;C02;ANDALUCES;30.0;A
2018;23;;00;66;ANDALUCES;381.0;A
2018;23;;00;00;ANDALUCES;768.0;A
2018;23;;01;11;ANDALUCES;1.0;A
2018;23;;01;14;ANDALUCES;5.0;A
2018;23;;01;18;ANDALUCES;3.0;A
2018;23;;01;23;ANDALUCES;191.0;A
2018;23;;01;41;ANDALUCES;2.0;A
2018;23;;01;C01;ANDALUCES;202.0;A
2018;23;;01;C02;ANDALUCES;13.0;A
2018;23;;01;66;ANDALUCES;197.0;A
2018;23;;01;00;ANDALUCES;412.0;A
2018;23;;06;14;ANDALUCES;4.0;A
2018;23;;06;18;ANDALUCES;2.0;A
2018;23;;06;21;ANDALUCES;1.0;A
2018;23;;06;23;ANDALUCES;146.0;A
2018;23;;06;41;ANDALUCES;2.0;A
2018;23;;06;C01;ANDALUCES;155.0;A
2018;23;;06;C02;ANDALUCES;17.0;A
2018;23;;06;66;ANDALUCES;184.0;A
2018;23;;06;00;ANDALUCES;356.0;A
2018;29;;00;04;ANDALUCES;5.0;A
2018;29;;00;11;ANDALUCES;34.0;A
2018;29;;00;14;ANDALUCES;16.0;A
2018;29;;00;18;ANDALUCES;32.0;A
2018;29;;00;21;ANDALUCES;4.0;A
2018;29;;00;23;ANDALUCES;20.0;A
2018;29;;00;29;ANDALUCES;1302.0;A
2018;29;;00;41;ANDALUCES;21.0;A
2018;29;;00;C01;ANDALUCES;1434.0;A
2018;29;;00;C02;ANDALUCES;267.0;A
2018;29;;00;66;ANDALUCES;2602.0;A
2018;29;;00;00;ANDALUCES;4303.0;A
2018;29;;01;04;ANDALUCES;1.0;A
2018;29;;01;11;ANDALUCES;17.0;A
2018;29;;01;14;ANDALUCES;11.0;A
2018;29;;01;18;ANDALUCES;20.0;A
2018;29;;01;21;ANDALUCES;3.0;A
2018;29;;01;23;ANDALUCES;8.0;A
2018;29;;01;29;ANDALUCES;684.0;A
2018;29;;01;41;ANDALUCES;10.0;A
2018;29;;01;C01;ANDALUCES;754.0;A
2018;29;;01;C02;ANDALUCES;152.0;A
2018;29;;01;66;ANDALUCES;1396.0;A
2018;29;;01;00;ANDALUCES;2302.0;A
2018;29;;06;04;ANDALUCES;4.0;A
2018;29;;06;11;ANDALUCES;17.0;A
2018;29;;06;14;ANDALUCES;5.0;A
2018;29;;06;18;ANDALUCES;12.0;A
2018;29;;06;21;ANDALUCES;1.0;A
2018;29;;06;23;ANDALUCES;12.0;A
2018;29;;06;29;ANDALUCES;618.0;A
2018;29;;06;41;ANDALUCES;11.0;A
2018;29;;06;C01;ANDALUCES;680.0;A
2018;29;;06;C02;ANDALUCES;115.0;A
2018;29;;06;66;ANDALUCES;1206.0;A
2018;29;;06;00;ANDALUCES;2001.0;A
2018;41;;00;04;ANDALUCES;7.0;A
2018;41;;00;11;ANDALUCES;40.0;A
2018;41;;00;14;ANDALUCES;25.0;A
2018;41;;00;18;ANDALUCES;7.0;A
2018;41;;00;21;ANDALUCES;12.0;A
2018;41;;00;23;ANDALUCES;10.0;A
2018;41;;00;29;ANDALUCES;10.0;A
2018;41;;00;41;ANDALUCES;1334.0;A
2018;41;;00;C01;ANDALUCES;1445.0;A
2018;41;;00;C02;ANDALUCES;172.0;A
2018;41;;00;66;ANDALUCES;1596.0;A
2018;41;;00;00;ANDALUCES;3213.0;A
2018;41;;01;04;ANDALUCES;3.0;A
2018;41;;01;11;ANDALUCES;22.0;A
2018;41;;01;14;ANDALUCES;16.0;A
2018;41;;01;18;ANDALUCES;6.0;A
2018;41;;01;21;ANDALUCES;5.0;A
2018;41;;01;23;ANDALUCES;5.0;A
2018;41;;01;29;ANDALUCES;1.0;A
2018;41;;01;41;ANDALUCES;719.0;A
2018;41;;01;C01;ANDALUCES;777.0;A
2018;41;;01;C02;ANDALUCES;85.0;A
2018;41;;01;66;ANDALUCES;776.0;A
2018;41;;01;00;ANDALUCES;1638.0;A
2018;41;;06;04;ANDALUCES;4.0;A
2018;41;;06;11;ANDALUCES;18.0;A
2018;41;;06;14;ANDALUCES;9.0;A
2018;41;;06;18;ANDALUCES;1.0;A
2018;41;;06;21;ANDALUCES;7.0;A
2018;41;;06;23;ANDALUCES;5.0;A
2018;41;;06;29;ANDALUCES;9.0;A
2018;41;;06;41;ANDALUCES;615.0;A
2018;41;;06;C01;ANDALUCES;668.0;A
2018;41;;06;C02;ANDALUCES;87.0;A
2018;41;;06;66;ANDALUCES;820.0;A
2018;41;;06;00;ANDALUCES;1575.0;A
2018;;;00;04;ANDALUCES;598.0;A
2018;;;00;11;ANDALUCES;1109.0;A
2018;;;00;14;ANDALUCES;522.0;A
2018;;;00;18;ANDALUCES;874.0;A
2018;;;00;21;ANDALUCES;286.0;A
2018;;;00;23;ANDALUCES;391.0;A
2018;;;00;29;ANDALUCES;1357.0;A
2018;;;00;41;ANDALUCES;1422.0;A
2018;;;00;C01;ANDALUCES;6559.0;A
2018;;;00;C02;ANDALUCES;913.0;A
2018;;;00;66;ANDALUCES;9401.0;A
2018;;;00;00;ANDALUCES;16873.0;A
2018;;;01;04;ANDALUCES;315.0;A
2018;;;01;11;ANDALUCES;596.0;A
2018;;;01;14;ANDALUCES;289.0;A
2018;;;01;18;ANDALUCES;472.0;A
2018;;;01;21;ANDALUCES;163.0;A
2018;;;01;23;ANDALUCES;216.0;A
2018;;;01;29;ANDALUCES;711.0;A
2018;;;01;41;ANDALUCES;761.0;A
2018;;;01;C01;ANDALUCES;3523.0;A
2018;;;01;C02;ANDALUCES;494.0;A
2018;;;01;66;ANDALUCES;4798.0;A
2018;;;01;00;ANDALUCES;8815.0;A
2018;;;06;04;ANDALUCES;283.0;A
2018;;;06;11;ANDALUCES;513.0;A
2018;;;06;14;ANDALUCES;233.0;A
2018;;;06;18;ANDALUCES;402.0;A
2018;;;06;21;ANDALUCES;123.0;A
2018;;;06;23;ANDALUCES;175.0;A
2018;;;06;29;ANDALUCES;646.0;A
2018;;;06;41;ANDALUCES;661.0;A
2018;;;06;C01;ANDALUCES;3036.0;A
2018;;;06;C02;ANDALUCES;419.0;A
2018;;;06;66;ANDALUCES;4603.0;A
2018;;;06;00;ANDALUCES;8058.0;A
2018;C02;;00;04;ANDALUCES;93.0;A
2018;C02;;00;11;ANDALUCES;209.0;A
2018;C02;;00;14;ANDALUCES;111.0;A
2018;C02;;00;18;ANDALUCES;176.0;A
2018;C02;;00;21;ANDALUCES;36.0;A
2018;C02;;00;23;ANDALUCES;118.0;A
2018;C02;;00;29;ANDALUCES;162.0;A
2018;C02;;00;41;ANDALUCES;201.0;A
2018;C02;;00;C01;ANDALUCES;1106.0;A
2018;C02;;00;00;ANDALUCES;1106.0;A
2018;C02;;01;04;ANDALUCES;45.0;A
2018;C02;;01;11;ANDALUCES;128.0;A
2018;C02;;01;14;ANDALUCES;63.0;A
2018;C02;;01;18;ANDALUCES;111.0;A
2018;C02;;01;21;ANDALUCES;23.0;A
2018;C02;;01;23;ANDALUCES;73.0;A
2018;C02;;01;29;ANDALUCES;82.0;A
2018;C02;;01;41;ANDALUCES;111.0;A
2018;C02;;01;C01;ANDALUCES;636.0;A
2018;C02;;01;00;ANDALUCES;636.0;A
2018;C02;;06;04;ANDALUCES;48.0;A
2018;C02;;06;11;ANDALUCES;81.0;A
2018;C02;;06;14;ANDALUCES;48.0;A
2018;C02;;06;18;ANDALUCES;65.0;A
2018;C02;;06;21;ANDALUCES;13.0;A
2018;C02;;06;23;ANDALUCES;45.0;A
2018;C02;;06;29;ANDALUCES;80.0;A
2018;C02;;06;41;ANDALUCES;90.0;A
2018;C02;;06;C01;ANDALUCES;470.0;A
2018;C02;;06;00;ANDALUCES;470.0;A
2018;00;;00;04;ANDALUCES;691.0;A
2018;00;;00;11;ANDALUCES;1318.0;A
2018;00;;00;14;ANDALUCES;633.0;A
2018;00;;00;18;ANDALUCES;1050.0;A
2018;00;;00;21;ANDALUCES;322.0;A
2018;00;;00;23;ANDALUCES;509.0;A
2018;00;;00;29;ANDALUCES;1519.0;A
2018;00;;00;41;ANDALUCES;1623.0;A
2018;00;;00;C01;ANDALUCES;7665.0;A
2018;00;;00;C02;ANDALUCES;913.0;A
2018;00;;00;66;ANDALUCES;9401.0;A
2018;00;;00;00;ANDALUCES;17979.0;A
2018;00;;01;04;ANDALUCES;360.0;A
2018;00;;01;11;ANDALUCES;724.0;A
2018;00;;01;14;ANDALUCES;352.0;A
2018;00;;01;18;ANDALUCES;583.0;A
2018;00;;01;21;ANDALUCES;186.0;A
2018;00;;01;23;ANDALUCES;289.0;A
2018;00;;01;29;ANDALUCES;793.0;A
2018;00;;01;41;ANDALUCES;872.0;A
2018;00;;01;C01;ANDALUCES;4159.0;A
2018;00;;01;C02;ANDALUCES;494.0;A
2018;00;;01;66;ANDALUCES;4798.0;A
2018;00;;01;00;ANDALUCES;9451.0;A
2018;00;;06;04;ANDALUCES;331.0;A
2018;00;;06;11;ANDALUCES;594.0;A
2018;00;;06;14;ANDALUCES;281.0;A
2018;00;;06;18;ANDALUCES;467.0;A
2018;00;;06;21;ANDALUCES;136.0;A
2018;00;;06;23;ANDALUCES;220.0;A
2018;00;;06;29;ANDALUCES;726.0;A
2018;00;;06;41;ANDALUCES;751.0;A
2018;00;;06;C01;ANDALUCES;3506.0;A
2018;00;;06;C02;ANDALUCES;419.0;A
2018;00;;06;66;ANDALUCES;4603.0;A
2018;00;;06;00;ANDALUCES;8528.0;A
2019;04;;00;04;ANDALUCES;504.0;A
2019;04;;00;11;ANDALUCES;2.0;A
2019;04;;00;14;ANDALUCES;5.0;A
2019;04;;00;18;ANDALUCES;24.0;A
2019;04;;00;21;ANDALUCES;1.0;A
2019;04;;00;23;ANDALUCES;7.0;A
2019;04;;00;29;ANDALUCES;8.0;A
2019;04;;00;41;ANDALUCES;4.0;A
2019;04;;00;C01;ANDALUCES;555.0;A
2019;04;;00;C02;ANDALUCES;73.0;A
2019;04;;00;66;ANDALUCES;1617.0;A
2019;04;;00;00;ANDALUCES;2245.0;A
2019;04;;01;04;ANDALUCES;271.0;A
2019;04;;01;11;ANDALUCES;1.0;A
2019;04;;01;14;ANDALUCES;4.0;A
2019;04;;01;18;ANDALUCES;13.0;A
2019;04;;01;21;ANDALUCES;1.0;A
2019;04;;01;23;ANDALUCES;4.0;A
2019;04;;01;29;ANDALUCES;3.0;A
2019;04;;01;41;ANDALUCES;3.0;A
2019;04;;01;C01;ANDALUCES;300.0;A
2019;04;;01;C02;ANDALUCES;40.0;A
2019;04;;01;66;ANDALUCES;832.0;A
2019;04;;01;00;ANDALUCES;1172.0;A
2019;04;;06;04;ANDALUCES;233.0;A
2019;04;;06;11;ANDALUCES;1.0;A
2019;04;;06;14;ANDALUCES;1.0;A
2019;04;;06;18;ANDALUCES;11.0;A
2019;04;;06;23;ANDALUCES;3.0;A
2019;04;;06;29;ANDALUCES;5.0;A
2019;04;;06;41;ANDALUCES;1.0;A
2019;04;;06;C01;ANDALUCES;255.0;A
2019;04;;06;C02;ANDALUCES;33.0;A
2019;04;;06;66;ANDALUCES;785.0;A
2019;04;;06;00;ANDALUCES;1073.0;A
2019;11;;00;04;ANDALUCES;3.0;A
2019;11;;00;11;ANDALUCES;903.0;A
2019;11;;00;14;ANDALUCES;7.0;A
2019;11;;00;18;ANDALUCES;5.0;A
2019;11;;00;21;ANDALUCES;4.0;A
2019;11;;00;23;ANDALUCES;5.0;A
2019;11;;00;29;ANDALUCES;16.0;A
2019;11;;00;41;ANDALUCES;35.0;A
2019;11;;00;C01;ANDALUCES;978.0;A
2019;11;;00;C02;ANDALUCES;142.0;A
2019;11;;00;66;ANDALUCES;847.0;A
2019;11;;00;00;ANDALUCES;1967.0;A
2019;11;;01;04;ANDALUCES;2.0;A
2019;11;;01;11;ANDALUCES;488.0;A
2019;11;;01;14;ANDALUCES;5.0;A
2019;11;;01;18;ANDALUCES;2.0;A
2019;11;;01;21;ANDALUCES;2.0;A
2019;11;;01;23;ANDALUCES;2.0;A
2019;11;;01;29;ANDALUCES;7.0;A
2019;11;;01;41;ANDALUCES;19.0;A
2019;11;;01;C01;ANDALUCES;527.0;A
2019;11;;01;C02;ANDALUCES;73.0;A
2019;11;;01;66;ANDALUCES;422.0;A
2019;11;;01;00;ANDALUCES;1022.0;A
2019;11;;06;04;ANDALUCES;1.0;A
2019;11;;06;11;ANDALUCES;415.0;A
2019;11;;06;14;ANDALUCES;2.0;A
2019;11;;06;18;ANDALUCES;3.0;A
2019;11;;06;21;ANDALUCES;2.0;A
2019;11;;06;23;ANDALUCES;3.0;A
2019;11;;06;29;ANDALUCES;9.0;A
2019;11;;06;41;ANDALUCES;16.0;A
2019;11;;06;C01;ANDALUCES;451.0;A
2019;11;;06;C02;ANDALUCES;69.0;A
2019;11;;06;66;ANDALUCES;425.0;A
2019;11;;06;00;ANDALUCES;945.0;A
2019;14;;00;11;ANDALUCES;2.0;A
2019;14;;00;14;ANDALUCES;486.0;A
2019;14;;00;18;ANDALUCES;7.0;A
2019;14;;00;23;ANDALUCES;4.0;A
2019;14;;00;29;ANDALUCES;7.0;A
2019;14;;00;41;ANDALUCES;11.0;A
2019;14;;00;C01;ANDALUCES;517.0;A
2019;14;;00;C02;ANDALUCES;46.0;A
2019;14;;00;66;ANDALUCES;456.0;A
2019;14;;00;00;ANDALUCES;1019.0;A
2019;14;;01;11;ANDALUCES;2.0;A
2019;14;;01;14;ANDALUCES;259.0;A
2019;14;;01;18;ANDALUCES;4.0;A
2019;14;;01;23;ANDALUCES;3.0;A
2019;14;;01;29;ANDALUCES;2.0;A
2019;14;;01;41;ANDALUCES;4.0;A
2019;14;;01;C01;ANDALUCES;274.0;A
2019;14;;01;C02;ANDALUCES;23.0;A
2019;14;;01;66;ANDALUCES;223.0;A
2019;14;;01;00;ANDALUCES;520.0;A
2019;14;;06;14;ANDALUCES;227.0;A
2019;14;;06;18;ANDALUCES;3.0;A
2019;14;;06;23;ANDALUCES;1.0;A
2019;14;;06;29;ANDALUCES;5.0;A
2019;14;;06;41;ANDALUCES;7.0;A
2019;14;;06;C01;ANDALUCES;243.0;A
2019;14;;06;C02;ANDALUCES;23.0;A
2019;14;;06;66;ANDALUCES;233.0;A
2019;14;;06;00;ANDALUCES;499.0;A
2019;18;;00;04;ANDALUCES;10.0;A
2019;18;;00;11;ANDALUCES;9.0;A
2019;18;;00;14;ANDALUCES;5.0;A
2019;18;;00;18;ANDALUCES;764.0;A
2019;18;;00;21;ANDALUCES;1.0;A
2019;18;;00;23;ANDALUCES;14.0;A
2019;18;;00;29;ANDALUCES;8.0;A
2019;18;;00;41;ANDALUCES;5.0;A
2019;18;;00;C01;ANDALUCES;816.0;A
2019;18;;00;C02;ANDALUCES;117.0;A
2019;18;;00;66;ANDALUCES;1601.0;A
2019;18;;00;00;ANDALUCES;2534.0;A
2019;18;;01;04;ANDALUCES;5.0;A
2019;18;;01;11;ANDALUCES;6.0;A
2019;18;;01;14;ANDALUCES;2.0;A
2019;18;;01;18;ANDALUCES;400.0;A
2019;18;;01;21;ANDALUCES;1.0;A
2019;18;;01;23;ANDALUCES;11.0;A
2019;18;;01;29;ANDALUCES;4.0;A
2019;18;;01;41;ANDALUCES;4.0;A
2019;18;;01;C01;ANDALUCES;433.0;A
2019;18;;01;C02;ANDALUCES;57.0;A
2019;18;;01;66;ANDALUCES;807.0;A
2019;18;;01;00;ANDALUCES;1297.0;A
2019;18;;06;04;ANDALUCES;5.0;A
2019;18;;06;11;ANDALUCES;3.0;A
2019;18;;06;14;ANDALUCES;3.0;A
2019;18;;06;18;ANDALUCES;364.0;A
2019;18;;06;23;ANDALUCES;3.0;A
2019;18;;06;29;ANDALUCES;4.0;A
2019;18;;06;41;ANDALUCES;1.0;A
2019;18;;06;C01;ANDALUCES;383.0;A
2019;18;;06;C02;ANDALUCES;60.0;A
2019;18;;06;66;ANDALUCES;794.0;A
2019;18;;06;00;ANDALUCES;1237.0;A
2019;21;;00;11;ANDALUCES;8.0;A
2019;21;;00;14;ANDALUCES;5.0;A
2019;21;;00;18;ANDALUCES;1.0;A
2019;21;;00;21;ANDALUCES;215.0;A
2019;21;;00;29;ANDALUCES;1.0;A
2019;21;;00;41;ANDALUCES;16.0;A
2019;21;;00;C01;ANDALUCES;246.0;A
2019;21;;00;C02;ANDALUCES;21.0;A
2019;21;;00;66;ANDALUCES;292.0;A
2019;21;;00;00;ANDALUCES;559.0;A
2019;21;;01;11;ANDALUCES;6.0;A
2019;21;;01;14;ANDALUCES;1.0;A
2019;21;;01;18;ANDALUCES;1.0;A
2019;21;;01;21;ANDALUCES;115.0;A
2019;21;;01;29;ANDALUCES;1.0;A
2019;21;;01;41;ANDALUCES;8.0;A
2019;21;;01;C01;ANDALUCES;132.0;A
2019;21;;01;C02;ANDALUCES;11.0;A
2019;21;;01;66;ANDALUCES;151.0;A
2019;21;;01;00;ANDALUCES;294.0;A
2019;21;;06;11;ANDALUCES;2.0;A
2019;21;;06;14;ANDALUCES;4.0;A
2019;21;;06;21;ANDALUCES;100.0;A
2019;21;;06;41;ANDALUCES;8.0;A
2019;21;;06;C01;ANDALUCES;114.0;A
2019;21;;06;C02;ANDALUCES;10.0;A
2019;21;;06;66;ANDALUCES;141.0;A
2019;21;;06;00;ANDALUCES;265.0;A
2019;23;;00;04;ANDALUCES;2.0;A
2019;23;;00;18;ANDALUCES;9.0;A
2019;23;;00;23;ANDALUCES;354.0;A
2019;23;;00;29;ANDALUCES;2.0;A
2019;23;;00;41;ANDALUCES;3.0;A
2019;23;;00;C01;ANDALUCES;370.0;A
2019;23;;00;C02;ANDALUCES;41.0;A
2019;23;;00;66;ANDALUCES;433.0;A
2019;23;;00;NC000;ANDALUCES;1.0;A
2019;23;;00;00;ANDALUCES;845.0;A
2019;23;;01;18;ANDALUCES;4.0;A
2019;23;;01;23;ANDALUCES;182.0;A
2019;23;;01;41;ANDALUCES;1.0;A
2019;23;;01;C01;ANDALUCES;187.0;A
2019;23;;01;C02;ANDALUCES;21.0;A
2019;23;;01;66;ANDALUCES;228.0;A
2019;23;;01;00;ANDALUCES;436.0;A
2019;23;;06;04;ANDALUCES;2.0;A
2019;23;;06;18;ANDALUCES;5.0;A
2019;23;;06;23;ANDALUCES;172.0;A
2019;23;;06;29;ANDALUCES;2.0;A
2019;23;;06;41;ANDALUCES;2.0;A
2019;23;;06;C01;ANDALUCES;183.0;A
2019;23;;06;C02;ANDALUCES;20.0;A
2019;23;;06;66;ANDALUCES;205.0;A
2019;23;;06;NC000;ANDALUCES;1.0;A
2019;23;;06;00;ANDALUCES;409.0;A
2019;29;;00;04;ANDALUCES;10.0;A
2019;29;;00;11;ANDALUCES;36.0;A
2019;29;;00;14;ANDALUCES;27.0;A
2019;29;;00;18;ANDALUCES;38.0;A
2019;29;;00;21;ANDALUCES;5.0;A
2019;29;;00;23;ANDALUCES;25.0;A
2019;29;;00;29;ANDALUCES;1348.0;A
2019;29;;00;41;ANDALUCES;36.0;A
2019;29;;00;C01;ANDALUCES;1525.0;A
2019;29;;00;C02;ANDALUCES;269.0;A
2019;29;;00;66;ANDALUCES;2647.0;A
2019;29;;00;NC000;ANDALUCES;1.0;A
2019;29;;00;00;ANDALUCES;4442.0;A
2019;29;;01;04;ANDALUCES;6.0;A
2019;29;;01;11;ANDALUCES;18.0;A
2019;29;;01;14;ANDALUCES;15.0;A
2019;29;;01;18;ANDALUCES;20.0;A
2019;29;;01;21;ANDALUCES;4.0;A
2019;29;;01;23;ANDALUCES;13.0;A
2019;29;;01;29;ANDALUCES;687.0;A
2019;29;;01;41;ANDALUCES;20.0;A
2019;29;;01;C01;ANDALUCES;783.0;A
2019;29;;01;C02;ANDALUCES;150.0;A
2019;29;;01;66;ANDALUCES;1349.0;A
2019;29;;01;00;ANDALUCES;2282.0;A
2019;29;;06;04;ANDALUCES;4.0;A
2019;29;;06;11;ANDALUCES;18.0;A
2019;29;;06;14;ANDALUCES;12.0;A
2019;29;;06;18;ANDALUCES;18.0;A
2019;29;;06;21;ANDALUCES;1.0;A
2019;29;;06;23;ANDALUCES;12.0;A
2019;29;;06;29;ANDALUCES;661.0;A
2019;29;;06;41;ANDALUCES;16.0;A
2019;29;;06;C01;ANDALUCES;742.0;A
2019;29;;06;C02;ANDALUCES;119.0;A
2019;29;;06;66;ANDALUCES;1298.0;A
2019;29;;06;NC000;ANDALUCES;1.0;A
2019;29;;06;00;ANDALUCES;2160.0;A
2019;41;;00;04;ANDALUCES;4.0;A
2019;41;;00;11;ANDALUCES;35.0;A
2019;41;;00;14;ANDALUCES;29.0;A
2019;41;;00;18;ANDALUCES;7.0;A
2019;41;;00;21;ANDALUCES;13.0;A
2019;41;;00;23;ANDALUCES;14.0;A
2019;41;;00;29;ANDALUCES;15.0;A
2019;41;;00;41;ANDALUCES;1312.0;A
2019;41;;00;C01;ANDALUCES;1429.0;A
2019;41;;00;C02;ANDALUCES;161.0;A
2019;41;;00;66;ANDALUCES;1525.0;A
2019;41;;00;00;ANDALUCES;3115.0;A
2019;41;;01;04;ANDALUCES;4.0;A
2019;41;;01;11;ANDALUCES;21.0;A
2019;41;;01;14;ANDALUCES;18.0;A
2019;41;;01;18;ANDALUCES;4.0;A
2019;41;;01;21;ANDALUCES;5.0;A
2019;41;;01;23;ANDALUCES;9.0;A
2019;41;;01;29;ANDALUCES;9.0;A
2019;41;;01;41;ANDALUCES;675.0;A
2019;41;;01;C01;ANDALUCES;745.0;A
2019;41;;01;C02;ANDALUCES;86.0;A
2019;41;;01;66;ANDALUCES;774.0;A
2019;41;;01;00;ANDALUCES;1605.0;A
2019;41;;06;11;ANDALUCES;14.0;A
2019;41;;06;14;ANDALUCES;11.0;A
2019;41;;06;18;ANDALUCES;3.0;A
2019;41;;06;21;ANDALUCES;8.0;A
2019;41;;06;23;ANDALUCES;5.0;A
2019;41;;06;29;ANDALUCES;6.0;A
2019;41;;06;41;ANDALUCES;637.0;A
2019;41;;06;C01;ANDALUCES;684.0;A
2019;41;;06;C02;ANDALUCES;75.0;A
2019;41;;06;66;ANDALUCES;751.0;A
2019;41;;06;00;ANDALUCES;1510.0;A
2019;;;00;04;ANDALUCES;533.0;A
2019;;;00;11;ANDALUCES;995.0;A
2019;;;00;14;ANDALUCES;564.0;A
2019;;;00;18;ANDALUCES;855.0;A
2019;;;00;21;ANDALUCES;239.0;A
2019;;;00;23;ANDALUCES;423.0;A
2019;;;00;29;ANDALUCES;1405.0;A
2019;;;00;41;ANDALUCES;1422.0;A
2019;;;00;C01;ANDALUCES;6436.0;A
2019;;;00;C02;ANDALUCES;870.0;A
2019;;;00;66;ANDALUCES;9418.0;A
2019;;;00;NC000;ANDALUCES;2.0;A
2019;;;00;00;ANDALUCES;16726.0;A
2019;;;01;04;ANDALUCES;288.0;A
2019;;;01;11;ANDALUCES;542.0;A
2019;;;01;14;ANDALUCES;304.0;A
2019;;;01;18;ANDALUCES;448.0;A
2019;;;01;21;ANDALUCES;128.0;A
2019;;;01;23;ANDALUCES;224.0;A
2019;;;01;29;ANDALUCES;713.0;A
2019;;;01;41;ANDALUCES;734.0;A
2019;;;01;C01;ANDALUCES;3381.0;A
2019;;;01;C02;ANDALUCES;461.0;A
2019;;;01;66;ANDALUCES;4786.0;A
2019;;;01;00;ANDALUCES;8628.0;A
2019;;;06;04;ANDALUCES;245.0;A
2019;;;06;11;ANDALUCES;453.0;A
2019;;;06;14;ANDALUCES;260.0;A
2019;;;06;18;ANDALUCES;407.0;A
2019;;;06;21;ANDALUCES;111.0;A
2019;;;06;23;ANDALUCES;199.0;A
2019;;;06;29;ANDALUCES;692.0;A
2019;;;06;41;ANDALUCES;688.0;A
2019;;;06;C01;ANDALUCES;3055.0;A
2019;;;06;C02;ANDALUCES;409.0;A
2019;;;06;66;ANDALUCES;4632.0;A
2019;;;06;NC000;ANDALUCES;2.0;A
2019;;;06;00;ANDALUCES;8098.0;A
2019;C02;;00;04;ANDALUCES;94.0;A
2019;C02;;00;11;ANDALUCES;159.0;A
2019;C02;;00;14;ANDALUCES;104.0;A
2019;C02;;00;18;ANDALUCES;170.0;A
2019;C02;;00;21;ANDALUCES;46.0;A
2019;C02;;00;23;ANDALUCES;105.0;A
2019;C02;;00;29;ANDALUCES;151.0;A
2019;C02;;00;41;ANDALUCES;204.0;A
2019;C02;;00;C01;ANDALUCES;1033.0;A
2019;C02;;00;00;ANDALUCES;1033.0;A
2019;C02;;01;04;ANDALUCES;50.0;A
2019;C02;;01;11;ANDALUCES;97.0;A
2019;C02;;01;14;ANDALUCES;63.0;A
2019;C02;;01;18;ANDALUCES;99.0;A
2019;C02;;01;21;ANDALUCES;28.0;A
2019;C02;;01;23;ANDALUCES;50.0;A
2019;C02;;01;29;ANDALUCES;75.0;A
2019;C02;;01;41;ANDALUCES;119.0;A
2019;C02;;01;C01;ANDALUCES;581.0;A
2019;C02;;01;00;ANDALUCES;581.0;A
2019;C02;;06;04;ANDALUCES;44.0;A
2019;C02;;06;11;ANDALUCES;62.0;A
2019;C02;;06;14;ANDALUCES;41.0;A
2019;C02;;06;18;ANDALUCES;71.0;A
2019;C02;;06;21;ANDALUCES;18.0;A
2019;C02;;06;23;ANDALUCES;55.0;A
2019;C02;;06;29;ANDALUCES;76.0;A
2019;C02;;06;41;ANDALUCES;85.0;A
2019;C02;;06;C01;ANDALUCES;452.0;A
2019;C02;;06;00;ANDALUCES;452.0;A
2019;00;;00;04;ANDALUCES;627.0;A
2019;00;;00;11;ANDALUCES;1154.0;A
2019;00;;00;14;ANDALUCES;668.0;A
2019;00;;00;18;ANDALUCES;1025.0;A
2019;00;;00;21;ANDALUCES;285.0;A
2019;00;;00;23;ANDALUCES;528.0;A
2019;00;;00;29;ANDALUCES;1556.0;A
2019;00;;00;41;ANDALUCES;1626.0;A
2019;00;;00;C01;ANDALUCES;7469.0;A
2019;00;;00;C02;ANDALUCES;870.0;A
2019;00;;00;66;ANDALUCES;9418.0;A
2019;00;;00;NC000;ANDALUCES;2.0;A
2019;00;;00;00;ANDALUCES;17759.0;A
2019;00;;01;04;ANDALUCES;338.0;A
2019;00;;01;11;ANDALUCES;639.0;A
2019;00;;01;14;ANDALUCES;367.0;A
2019;00;;01;18;ANDALUCES;547.0;A
2019;00;;01;21;ANDALUCES;156.0;A
2019;00;;01;23;ANDALUCES;274.0;A
2019;00;;01;29;ANDALUCES;788.0;A
2019;00;;01;41;ANDALUCES;853.0;A
2019;00;;01;C01;ANDALUCES;3962.0;A
2019;00;;01;C02;ANDALUCES;461.0;A
2019;00;;01;66;ANDALUCES;4786.0;A
2019;00;;01;00;ANDALUCES;9209.0;A
2019;00;;06;04;ANDALUCES;289.0;A
2019;00;;06;11;ANDALUCES;515.0;A
2019;00;;06;14;ANDALUCES;301.0;A
2019;00;;06;18;ANDALUCES;478.0;A
2019;00;;06;21;ANDALUCES;129.0;A
2019;00;;06;23;ANDALUCES;254.0;A
2019;00;;06;29;ANDALUCES;768.0;A
2019;00;;06;41;ANDALUCES;773.0;A
2019;00;;06;C01;ANDALUCES;3507.0;A
2019;00;;06;C02;ANDALUCES;409.0;A
2019;00;;06;66;ANDALUCES;4632.0;A
2019;00;;06;NC000;ANDALUCES;2.0;A
2019;00;;06;00;ANDALUCES;8550.0;A
2020;04;;00;04;ANDALUCES;578.0;A
2020;04;;00;11;ANDALUCES;4.0;A
2020;04;;00;14;ANDALUCES;3.0;A
2020;04;;00;18;ANDALUCES;14.0;A
2020;04;;00;21;ANDALUCES;1.0;A
2020;04;;00;23;ANDALUCES;5.0;A
2020;04;;00;29;ANDALUCES;9.0;A
2020;04;;00;41;ANDALUCES;3.0;A
2020;04;;00;C01;ANDALUCES;617.0;A
2020;04;;00;C02;ANDALUCES;77.0;A
2020;04;;00;66;ANDALUCES;1653.0;A
2020;04;;00;00;ANDALUCES;2347.0;A
2020;04;;01;04;ANDALUCES;281.0;A
2020;04;;01;11;ANDALUCES;2.0;A
2020;04;;01;14;ANDALUCES;2.0;A
2020;04;;01;18;ANDALUCES;7.0;A
2020;04;;01;23;ANDALUCES;1.0;A
2020;04;;01;29;ANDALUCES;4.0;A
2020;04;;01;41;ANDALUCES;1.0;A
2020;04;;01;C01;ANDALUCES;298.0;A
2020;04;;01;C02;ANDALUCES;41.0;A
2020;04;;01;66;ANDALUCES;839.0;A
2020;04;;01;00;ANDALUCES;1178.0;A
2020;04;;06;04;ANDALUCES;297.0;A
2020;04;;06;11;ANDALUCES;2.0;A
2020;04;;06;14;ANDALUCES;1.0;A
2020;04;;06;18;ANDALUCES;7.0;A
2020;04;;06;21;ANDALUCES;1.0;A
2020;04;;06;23;ANDALUCES;4.0;A
2020;04;;06;29;ANDALUCES;5.0;A
2020;04;;06;41;ANDALUCES;2.0;A
2020;04;;06;C01;ANDALUCES;319.0;A
2020;04;;06;C02;ANDALUCES;36.0;A
2020;04;;06;66;ANDALUCES;814.0;A
2020;04;;06;00;ANDALUCES;1169.0;A
2020;11;;00;04;ANDALUCES;2.0;A
2020;11;;00;11;ANDALUCES;1051.0;A
2020;11;;00;14;ANDALUCES;8.0;A
2020;11;;00;18;ANDALUCES;6.0;A
2020;11;;00;21;ANDALUCES;5.0;A
2020;11;;00;23;ANDALUCES;3.0;A
2020;11;;00;29;ANDALUCES;27.0;A
2020;11;;00;41;ANDALUCES;48.0;A
2020;11;;00;C01;ANDALUCES;1150.0;A
2020;11;;00;C02;ANDALUCES;166.0;A
2020;11;;00;66;ANDALUCES;876.0;A
2020;11;;00;00;ANDALUCES;2192.0;A
2020;11;;01;04;ANDALUCES;2.0;A
2020;11;;01;11;ANDALUCES;531.0;A
2020;11;;01;14;ANDALUCES;4.0;A
2020;11;;01;18;ANDALUCES;3.0;A
2020;11;;01;21;ANDALUCES;2.0;A
2020;11;;01;23;ANDALUCES;2.0;A
2020;11;;01;29;ANDALUCES;11.0;A
2020;11;;01;41;ANDALUCES;21.0;A
2020;11;;01;C01;ANDALUCES;576.0;A
2020;11;;01;C02;ANDALUCES;93.0;A
2020;11;;01;66;ANDALUCES;451.0;A
2020;11;;01;00;ANDALUCES;1120.0;A
2020;11;;06;11;ANDALUCES;520.0;A
2020;11;;06;14;ANDALUCES;4.0;A
2020;11;;06;18;ANDALUCES;3.0;A
2020;11;;06;21;ANDALUCES;3.0;A
2020;11;;06;23;ANDALUCES;1.0;A
2020;11;;06;29;ANDALUCES;16.0;A
2020;11;;06;41;ANDALUCES;27.0;A
2020;11;;06;C01;ANDALUCES;574.0;A
2020;11;;06;C02;ANDALUCES;73.0;A
2020;11;;06;66;ANDALUCES;425.0;A
2020;11;;06;00;ANDALUCES;1072.0;A
2020;14;;00;11;ANDALUCES;6.0;A
2020;14;;00;14;ANDALUCES;506.0;A
2020;14;;00;18;ANDALUCES;3.0;A
2020;14;;00;21;ANDALUCES;2.0;A
2020;14;;00;23;ANDALUCES;5.0;A
2020;14;;00;29;ANDALUCES;5.0;A
2020;14;;00;41;ANDALUCES;16.0;A
2020;14;;00;C01;ANDALUCES;543.0;A
2020;14;;00;C02;ANDALUCES;51.0;A
2020;14;;00;66;ANDALUCES;531.0;A
2020;14;;00;00;ANDALUCES;1125.0;A
2020;14;;01;11;ANDALUCES;1.0;A
2020;14;;01;14;ANDALUCES;257.0;A
2020;14;;01;18;ANDALUCES;2.0;A
2020;14;;01;23;ANDALUCES;4.0;A
2020;14;;01;29;ANDALUCES;1.0;A
2020;14;;01;41;ANDALUCES;8.0;A
2020;14;;01;C01;ANDALUCES;273.0;A
2020;14;;01;C02;ANDALUCES;32.0;A
2020;14;;01;66;ANDALUCES;266.0;A
2020;14;;01;00;ANDALUCES;571.0;A
2020;14;;06;11;ANDALUCES;5.0;A
2020;14;;06;14;ANDALUCES;249.0;A
2020;14;;06;18;ANDALUCES;1.0;A
2020;14;;06;21;ANDALUCES;2.0;A
2020;14;;06;23;ANDALUCES;1.0;A
2020;14;;06;29;ANDALUCES;4.0;A
2020;14;;06;41;ANDALUCES;8.0;A
2020;14;;06;C01;ANDALUCES;270.0;A
2020;14;;06;C02;ANDALUCES;19.0;A
2020;14;;06;66;ANDALUCES;265.0;A
2020;14;;06;00;ANDALUCES;554.0;A
2020;18;;00;04;ANDALUCES;20.0;A
2020;18;;00;11;ANDALUCES;12.0;A
2020;18;;00;14;ANDALUCES;15.0;A
2020;18;;00;18;ANDALUCES;886.0;A
2020;18;;00;21;ANDALUCES;4.0;A
2020;18;;00;23;ANDALUCES;13.0;A
2020;18;;00;29;ANDALUCES;16.0;A
2020;18;;00;41;ANDALUCES;7.0;A
2020;18;;00;C01;ANDALUCES;973.0;A
2020;18;;00;C02;ANDALUCES;142.0;A
2020;18;;00;66;ANDALUCES;1806.0;A
2020;18;;00;00;ANDALUCES;2921.0;A
2020;18;;01;04;ANDALUCES;13.0;A
2020;18;;01;11;ANDALUCES;8.0;A
2020;18;;01;14;ANDALUCES;6.0;A
2020;18;;01;18;ANDALUCES;423.0;A
2020;18;;01;21;ANDALUCES;1.0;A
2020;18;;01;23;ANDALUCES;9.0;A
2020;18;;01;29;ANDALUCES;8.0;A
2020;18;;01;41;ANDALUCES;4.0;A
2020;18;;01;C01;ANDALUCES;472.0;A
2020;18;;01;C02;ANDALUCES;82.0;A
2020;18;;01;66;ANDALUCES;916.0;A
2020;18;;01;00;ANDALUCES;1470.0;A
2020;18;;06;04;ANDALUCES;7.0;A
2020;18;;06;11;ANDALUCES;4.0;A
2020;18;;06;14;ANDALUCES;9.0;A
2020;18;;06;18;ANDALUCES;463.0;A
2020;18;;06;21;ANDALUCES;3.0;A
2020;18;;06;23;ANDALUCES;4.0;A
2020;18;;06;29;ANDALUCES;8.0;A
2020;18;;06;41;ANDALUCES;3.0;A
2020;18;;06;C01;ANDALUCES;501.0;A
2020;18;;06;C02;ANDALUCES;60.0;A
2020;18;;06;66;ANDALUCES;890.0;A
2020;18;;06;00;ANDALUCES;1451.0;A
2020;21;;00;11;ANDALUCES;7.0;A
2020;21;;00;21;ANDALUCES;277.0;A
2020;21;;00;23;ANDALUCES;2.0;A
2020;21;;00;41;ANDALUCES;13.0;A
2020;21;;00;C01;ANDALUCES;299.0;A
2020;21;;00;C02;ANDALUCES;33.0;A
2020;21;;00;66;ANDALUCES;310.0;A
2020;21;;00;00;ANDALUCES;642.0;A
2020;21;;01;11;ANDALUCES;3.0;A
2020;21;;01;21;ANDALUCES;140.0;A
2020;21;;01;23;ANDALUCES;2.0;A
2020;21;;01;41;ANDALUCES;6.0;A
2020;21;;01;C01;ANDALUCES;151.0;A
2020;21;;01;C02;ANDALUCES;18.0;A
2020;21;;01;66;ANDALUCES;169.0;A
2020;21;;01;00;ANDALUCES;338.0;A
2020;21;;06;11;ANDALUCES;4.0;A
2020;21;;06;21;ANDALUCES;137.0;A
2020;21;;06;41;ANDALUCES;7.0;A
2020;21;;06;C01;ANDALUCES;148.0;A
2020;21;;06;C02;ANDALUCES;15.0;A
2020;21;;06;66;ANDALUCES;141.0;A
2020;21;;06;00;ANDALUCES;304.0;A
2020;23;;00;04;ANDALUCES;1.0;A
2020;23;;00;11;ANDALUCES;5.0;A
2020;23;;00;14;ANDALUCES;1.0;A
2020;23;;00;18;ANDALUCES;12.0;A
2020;23;;00;21;ANDALUCES;1.0;A
2020;23;;00;23;ANDALUCES;416.0;A
2020;23;;00;29;ANDALUCES;4.0;A
2020;23;;00;41;ANDALUCES;1.0;A
2020;23;;00;C01;ANDALUCES;441.0;A
2020;23;;00;C02;ANDALUCES;41.0;A
2020;23;;00;66;ANDALUCES;410.0;A
2020;23;;00;00;ANDALUCES;892.0;A
2020;23;;01;04;ANDALUCES;1.0;A
2020;23;;01;11;ANDALUCES;3.0;A
2020;23;;01;18;ANDALUCES;5.0;A
2020;23;;01;21;ANDALUCES;1.0;A
2020;23;;01;23;ANDALUCES;199.0;A
2020;23;;01;29;ANDALUCES;3.0;A
2020;23;;01;C01;ANDALUCES;212.0;A
2020;23;;01;C02;ANDALUCES;23.0;A
2020;23;;01;66;ANDALUCES;201.0;A
2020;23;;01;00;ANDALUCES;436.0;A
2020;23;;06;11;ANDALUCES;2.0;A
2020;23;;06;14;ANDALUCES;1.0;A
2020;23;;06;18;ANDALUCES;7.0;A
2020;23;;06;23;ANDALUCES;217.0;A
2020;23;;06;29;ANDALUCES;1.0;A
2020;23;;06;41;ANDALUCES;1.0;A
2020;23;;06;C01;ANDALUCES;229.0;A
2020;23;;06;C02;ANDALUCES;18.0;A
2020;23;;06;66;ANDALUCES;209.0;A
2020;23;;06;00;ANDALUCES;456.0;A
2020;29;;00;04;ANDALUCES;12.0;A
2020;29;;00;11;ANDALUCES;41.0;A
2020;29;;00;14;ANDALUCES;25.0;A
2020;29;;00;18;ANDALUCES;32.0;A
2020;29;;00;21;ANDALUCES;5.0;A
2020;29;;00;23;ANDALUCES;29.0;A
2020;29;;00;29;ANDALUCES;1324.0;A
2020;29;;00;41;ANDALUCES;32.0;A
2020;29;;00;C01;ANDALUCES;1500.0;A
2020;29;;00;C02;ANDALUCES;282.0;A
2020;29;;00;66;ANDALUCES;2805.0;A
2020;29;;00;NC000;ANDALUCES;2.0;A
2020;29;;00;00;ANDALUCES;4589.0;A
2020;29;;01;04;ANDALUCES;8.0;A
2020;29;;01;11;ANDALUCES;17.0;A
2020;29;;01;14;ANDALUCES;13.0;A
2020;29;;01;18;ANDALUCES;14.0;A
2020;29;;01;21;ANDALUCES;3.0;A
2020;29;;01;23;ANDALUCES;14.0;A
2020;29;;01;29;ANDALUCES;677.0;A
2020;29;;01;41;ANDALUCES;15.0;A
2020;29;;01;C01;ANDALUCES;761.0;A
2020;29;;01;C02;ANDALUCES;144.0;A
2020;29;;01;66;ANDALUCES;1412.0;A
2020;29;;01;NC000;ANDALUCES;2.0;A
2020;29;;01;00;ANDALUCES;2319.0;A
2020;29;;06;04;ANDALUCES;4.0;A
2020;29;;06;11;ANDALUCES;24.0;A
2020;29;;06;14;ANDALUCES;12.0;A
2020;29;;06;18;ANDALUCES;18.0;A
2020;29;;06;21;ANDALUCES;2.0;A
2020;29;;06;23;ANDALUCES;15.0;A
2020;29;;06;29;ANDALUCES;647.0;A
2020;29;;06;41;ANDALUCES;17.0;A
2020;29;;06;C01;ANDALUCES;739.0;A
2020;29;;06;C02;ANDALUCES;138.0;A
2020;29;;06;66;ANDALUCES;1393.0;A
2020;29;;06;00;ANDALUCES;2270.0;A
2020;41;;00;04;ANDALUCES;8.0;A
2020;41;;00;11;ANDALUCES;51.0;A
2020;41;;00;14;ANDALUCES;27.0;A
2020;41;;00;18;ANDALUCES;13.0;A
2020;41;;00;21;ANDALUCES;21.0;A
2020;41;;00;23;ANDALUCES;13.0;A
2020;41;;00;29;ANDALUCES;14.0;A
2020;41;;00;41;ANDALUCES;1526.0;A
2020;41;;00;C01;ANDALUCES;1673.0;A
2020;41;;00;C02;ANDALUCES;190.0;A
2020;41;;00;66;ANDALUCES;1689.0;A
2020;41;;00;00;ANDALUCES;3552.0;A
2020;41;;01;04;ANDALUCES;4.0;A
2020;41;;01;11;ANDALUCES;26.0;A
2020;41;;01;14;ANDALUCES;17.0;A
2020;41;;01;18;ANDALUCES;4.0;A
2020;41;;01;21;ANDALUCES;13.0;A
2020;41;;01;23;ANDALUCES;8.0;A
2020;41;;01;29;ANDALUCES;7.0;A
2020;41;;01;41;ANDALUCES;808.0;A
2020;41;;01;C01;ANDALUCES;887.0;A
2020;41;;01;C02;ANDALUCES;93.0;A
2020;41;;01;66;ANDALUCES;835.0;A
2020;41;;01;00;ANDALUCES;1815.0;A
2020;41;;06;04;ANDALUCES;4.0;A
2020;41;;06;11;ANDALUCES;25.0;A
2020;41;;06;14;ANDALUCES;10.0;A
2020;41;;06;18;ANDALUCES;9.0;A
2020;41;;06;21;ANDALUCES;8.0;A
2020;41;;06;23;ANDALUCES;5.0;A
2020;41;;06;29;ANDALUCES;7.0;A
2020;41;;06;41;ANDALUCES;718.0;A
2020;41;;06;C01;ANDALUCES;786.0;A
2020;41;;06;C02;ANDALUCES;97.0;A
2020;41;;06;66;ANDALUCES;854.0;A
2020;41;;06;00;ANDALUCES;1737.0;A
2020;;;00;04;ANDALUCES;621.0;A
2020;;;00;11;ANDALUCES;1177.0;A
2020;;;00;14;ANDALUCES;585.0;A
2020;;;00;18;ANDALUCES;966.0;A
2020;;;00;21;ANDALUCES;316.0;A
2020;;;00;23;ANDALUCES;486.0;A
2020;;;00;29;ANDALUCES;1399.0;A
2020;;;00;41;ANDALUCES;1646.0;A
2020;;;00;C01;ANDALUCES;7196.0;A
2020;;;00;C02;ANDALUCES;982.0;A
2020;;;00;66;ANDALUCES;10080.0;A
2020;;;00;NC000;ANDALUCES;2.0;A
2020;;;00;00;ANDALUCES;18260.0;A
2020;;;01;04;ANDALUCES;309.0;A
2020;;;01;11;ANDALUCES;591.0;A
2020;;;01;14;ANDALUCES;299.0;A
2020;;;01;18;ANDALUCES;458.0;A
2020;;;01;21;ANDALUCES;160.0;A
2020;;;01;23;ANDALUCES;239.0;A
2020;;;01;29;ANDALUCES;711.0;A
2020;;;01;41;ANDALUCES;863.0;A
2020;;;01;C01;ANDALUCES;3630.0;A
2020;;;01;C02;ANDALUCES;526.0;A
2020;;;01;66;ANDALUCES;5089.0;A
2020;;;01;NC000;ANDALUCES;2.0;A
2020;;;01;00;ANDALUCES;9247.0;A
2020;;;06;04;ANDALUCES;312.0;A
2020;;;06;11;ANDALUCES;586.0;A
2020;;;06;14;ANDALUCES;286.0;A
2020;;;06;18;ANDALUCES;508.0;A
2020;;;06;21;ANDALUCES;156.0;A
2020;;;06;23;ANDALUCES;247.0;A
2020;;;06;29;ANDALUCES;688.0;A
2020;;;06;41;ANDALUCES;783.0;A
2020;;;06;C01;ANDALUCES;3566.0;A
2020;;;06;C02;ANDALUCES;456.0;A
2020;;;06;66;ANDALUCES;4991.0;A
2020;;;06;00;ANDALUCES;9013.0;A
2020;C02;;00;04;ANDALUCES;83.0;A
2020;C02;;00;11;ANDALUCES;212.0;A
2020;C02;;00;14;ANDALUCES;151.0;A
2020;C02;;00;18;ANDALUCES;165.0;A
2020;C02;;00;21;ANDALUCES;49.0;A
2020;C02;;00;23;ANDALUCES;120.0;A
2020;C02;;00;29;ANDALUCES;170.0;A
2020;C02;;00;41;ANDALUCES;236.0;A
2020;C02;;00;C01;ANDALUCES;1186.0;A
2020;C02;;00;00;ANDALUCES;1186.0;A
2020;C02;;01;04;ANDALUCES;43.0;A
2020;C02;;01;11;ANDALUCES;109.0;A
2020;C02;;01;14;ANDALUCES;88.0;A
2020;C02;;01;18;ANDALUCES;87.0;A
2020;C02;;01;21;ANDALUCES;28.0;A
2020;C02;;01;23;ANDALUCES;65.0;A
2020;C02;;01;29;ANDALUCES;93.0;A
2020;C02;;01;41;ANDALUCES;124.0;A
2020;C02;;01;C01;ANDALUCES;637.0;A
2020;C02;;01;00;ANDALUCES;637.0;A
2020;C02;;06;04;ANDALUCES;40.0;A
2020;C02;;06;11;ANDALUCES;103.0;A
2020;C02;;06;14;ANDALUCES;63.0;A
2020;C02;;06;18;ANDALUCES;78.0;A
2020;C02;;06;21;ANDALUCES;21.0;A
2020;C02;;06;23;ANDALUCES;55.0;A
2020;C02;;06;29;ANDALUCES;77.0;A
2020;C02;;06;41;ANDALUCES;112.0;A
2020;C02;;06;C01;ANDALUCES;549.0;A
2020;C02;;06;00;ANDALUCES;549.0;A
2020;00;;00;04;ANDALUCES;704.0;A
2020;00;;00;11;ANDALUCES;1389.0;A
2020;00;;00;14;ANDALUCES;736.0;A
2020;00;;00;18;ANDALUCES;1131.0;A
2020;00;;00;21;ANDALUCES;365.0;A
2020;00;;00;23;ANDALUCES;606.0;A
2020;00;;00;29;ANDALUCES;1569.0;A
2020;00;;00;41;ANDALUCES;1882.0;A
2020;00;;00;C01;ANDALUCES;8382.0;A
2020;00;;00;C02;ANDALUCES;982.0;A
2020;00;;00;66;ANDALUCES;10080.0;A
2020;00;;00;NC000;ANDALUCES;2.0;A
2020;00;;00;00;ANDALUCES;19446.0;A
2020;00;;01;04;ANDALUCES;352.0;A
2020;00;;01;11;ANDALUCES;700.0;A
2020;00;;01;14;ANDALUCES;387.0;A
2020;00;;01;18;ANDALUCES;545.0;A
2020;00;;01;21;ANDALUCES;188.0;A
2020;00;;01;23;ANDALUCES;304.0;A
2020;00;;01;29;ANDALUCES;804.0;A
2020;00;;01;41;ANDALUCES;987.0;A
2020;00;;01;C01;ANDALUCES;4267.0;A
2020;00;;01;C02;ANDALUCES;526.0;A
2020;00;;01;66;ANDALUCES;5089.0;A
2020;00;;01;NC000;ANDALUCES;2.0;A
2020;00;;01;00;ANDALUCES;9884.0;A
2020;00;;06;04;ANDALUCES;352.0;A
2020;00;;06;11;ANDALUCES;689.0;A
2020;00;;06;14;ANDALUCES;349.0;A
2020;00;;06;18;ANDALUCES;586.0;A
2020;00;;06;21;ANDALUCES;177.0;A
2020;00;;06;23;ANDALUCES;302.0;A
2020;00;;06;29;ANDALUCES;765.0;A
2020;00;;06;41;ANDALUCES;895.0;A
2020;00;;06;C01;ANDALUCES;4115.0;A
2020;00;;06;C02;ANDALUCES;456.0;A
2020;00;;06;66;ANDALUCES;4991.0;A
2020;00;;06;00;ANDALUCES;9562.0;A
2021;04;;00;04;ANDALUCES;394.0;A
2021;04;;00;11;ANDALUCES;3.0;A
2021;04;;00;14;ANDALUCES;4.0;A
2021;04;;00;18;ANDALUCES;11.0;A
2021;04;;00;23;ANDALUCES;5.0;A
2021;04;;00;29;ANDALUCES;1.0;A
2021;04;;00;C01;ANDALUCES;418.0;A
2021;04;;00;C02;ANDALUCES;69.0;A
2021;04;;00;66;ANDALUCES;1173.0;A
2021;04;;00;00;ANDALUCES;1660.0;A
2021;04;;01;04;ANDALUCES;194.0;A
2021;04;;01;11;ANDALUCES;1.0;A
2021;04;;01;14;ANDALUCES;2.0;A
2021;04;;01;18;ANDALUCES;6.0;A
2021;04;;01;23;ANDALUCES;2.0;A
2021;04;;01;C01;ANDALUCES;205.0;A
2021;04;;01;C02;ANDALUCES;38.0;A
2021;04;;01;66;ANDALUCES;588.0;A
2021;04;;01;00;ANDALUCES;831.0;A
2021;04;;06;04;ANDALUCES;200.0;A
2021;04;;06;11;ANDALUCES;2.0;A
2021;04;;06;14;ANDALUCES;2.0;A
2021;04;;06;18;ANDALUCES;5.0;A
2021;04;;06;23;ANDALUCES;3.0;A
2021;04;;06;29;ANDALUCES;1.0;A
2021;04;;06;C01;ANDALUCES;213.0;A
2021;04;;06;C02;ANDALUCES;31.0;A
2021;04;;06;66;ANDALUCES;585.0;A
2021;04;;06;00;ANDALUCES;829.0;A
2021;11;;00;04;ANDALUCES;4.0;A
2021;11;;00;11;ANDALUCES;621.0;A
2021;11;;00;14;ANDALUCES;4.0;A
2021;11;;00;18;ANDALUCES;6.0;A
2021;11;;00;21;ANDALUCES;5.0;A
2021;11;;00;23;ANDALUCES;1.0;A
2021;11;;00;29;ANDALUCES;12.0;A
2021;11;;00;41;ANDALUCES;26.0;A
2021;11;;00;C01;ANDALUCES;679.0;A
2021;11;;00;C02;ANDALUCES;114.0;A
2021;11;;00;66;ANDALUCES;633.0;A
2021;11;;00;00;ANDALUCES;1426.0;A
2021;11;;01;04;ANDALUCES;3.0;A
2021;11;;01;11;ANDALUCES;316.0;A
2021;11;;01;14;ANDALUCES;2.0;A
2021;11;;01;18;ANDALUCES;2.0;A
2021;11;;01;21;ANDALUCES;2.0;A
2021;11;;01;29;ANDALUCES;5.0;A
2021;11;;01;41;ANDALUCES;13.0;A
2021;11;;01;C01;ANDALUCES;343.0;A
2021;11;;01;C02;ANDALUCES;66.0;A
2021;11;;01;66;ANDALUCES;311.0;A
2021;11;;01;00;ANDALUCES;720.0;A
2021;11;;06;04;ANDALUCES;1.0;A
2021;11;;06;11;ANDALUCES;305.0;A
2021;11;;06;14;ANDALUCES;2.0;A
2021;11;;06;18;ANDALUCES;4.0;A
2021;11;;06;21;ANDALUCES;3.0;A
2021;11;;06;23;ANDALUCES;1.0;A
2021;11;;06;29;ANDALUCES;7.0;A
2021;11;;06;41;ANDALUCES;13.0;A
2021;11;;06;C01;ANDALUCES;336.0;A
2021;11;;06;C02;ANDALUCES;48.0;A
2021;11;;06;66;ANDALUCES;322.0;A
2021;11;;06;00;ANDALUCES;706.0;A
2021;14;;00;04;ANDALUCES;1.0;A
2021;14;;00;11;ANDALUCES;6.0;A
2021;14;;00;14;ANDALUCES;323.0;A
2021;14;;00;18;ANDALUCES;3.0;A
2021;14;;00;21;ANDALUCES;4.0;A
2021;14;;00;23;ANDALUCES;5.0;A
2021;14;;00;29;ANDALUCES;4.0;A
2021;14;;00;41;ANDALUCES;4.0;A
2021;14;;00;C01;ANDALUCES;350.0;A
2021;14;;00;C02;ANDALUCES;22.0;A
2021;14;;00;66;ANDALUCES;321.0;A
2021;14;;00;00;ANDALUCES;693.0;A
2021;14;;01;04;ANDALUCES;1.0;A
2021;14;;01;11;ANDALUCES;3.0;A
2021;14;;01;14;ANDALUCES;177.0;A
2021;14;;01;18;ANDALUCES;2.0;A
2021;14;;01;21;ANDALUCES;2.0;A
2021;14;;01;23;ANDALUCES;3.0;A
2021;14;;01;29;ANDALUCES;1.0;A
2021;14;;01;41;ANDALUCES;2.0;A
2021;14;;01;C01;ANDALUCES;191.0;A
2021;14;;01;C02;ANDALUCES;13.0;A
2021;14;;01;66;ANDALUCES;164.0;A
2021;14;;01;00;ANDALUCES;368.0;A
2021;14;;06;11;ANDALUCES;3.0;A
2021;14;;06;14;ANDALUCES;146.0;A
2021;14;;06;18;ANDALUCES;1.0;A
2021;14;;06;21;ANDALUCES;2.0;A
2021;14;;06;23;ANDALUCES;2.0;A
2021;14;;06;29;ANDALUCES;3.0;A
2021;14;;06;41;ANDALUCES;2.0;A
2021;14;;06;C01;ANDALUCES;159.0;A
2021;14;;06;C02;ANDALUCES;9.0;A
2021;14;;06;66;ANDALUCES;157.0;A
2021;14;;06;00;ANDALUCES;325.0;A
2021;18;;00;04;ANDALUCES;7.0;A
2021;18;;00;11;ANDALUCES;3.0;A
2021;18;;00;14;ANDALUCES;4.0;A
2021;18;;00;18;ANDALUCES;579.0;A
2021;18;;00;23;ANDALUCES;11.0;A
2021;18;;00;29;ANDALUCES;10.0;A
2021;18;;00;41;ANDALUCES;2.0;A
2021;18;;00;C01;ANDALUCES;616.0;A
2021;18;;00;C02;ANDALUCES;75.0;A
2021;18;;00;66;ANDALUCES;1210.0;A
2021;18;;00;00;ANDALUCES;1901.0;A
2021;18;;01;04;ANDALUCES;6.0;A
2021;18;;01;11;ANDALUCES;2.0;A
2021;18;;01;14;ANDALUCES;2.0;A
2021;18;;01;18;ANDALUCES;300.0;A
2021;18;;01;23;ANDALUCES;4.0;A
2021;18;;01;29;ANDALUCES;4.0;A
2021;18;;01;C01;ANDALUCES;318.0;A
2021;18;;01;C02;ANDALUCES;38.0;A
2021;18;;01;66;ANDALUCES;597.0;A
2021;18;;01;00;ANDALUCES;953.0;A
2021;18;;06;04;ANDALUCES;1.0;A
2021;18;;06;11;ANDALUCES;1.0;A
2021;18;;06;14;ANDALUCES;2.0;A
2021;18;;06;18;ANDALUCES;279.0;A
2021;18;;06;23;ANDALUCES;7.0;A
2021;18;;06;29;ANDALUCES;6.0;A
2021;18;;06;41;ANDALUCES;2.0;A
2021;18;;06;C01;ANDALUCES;298.0;A
2021;18;;06;C02;ANDALUCES;37.0;A
2021;18;;06;66;ANDALUCES;613.0;A
2021;18;;06;00;ANDALUCES;948.0;A
2021;21;;00;11;ANDALUCES;3.0;A
2021;21;;00;14;ANDALUCES;2.0;A
2021;21;;00;21;ANDALUCES;141.0;A
2021;21;;00;41;ANDALUCES;15.0;A
2021;21;;00;C01;ANDALUCES;161.0;A
2021;21;;00;C02;ANDALUCES;27.0;A
2021;21;;00;66;ANDALUCES;226.0;A
2021;21;;00;00;ANDALUCES;414.0;A
2021;21;;01;11;ANDALUCES;1.0;A
2021;21;;01;14;ANDALUCES;2.0;A
2021;21;;01;21;ANDALUCES;90.0;A
2021;21;;01;41;ANDALUCES;8.0;A
2021;21;;01;C01;ANDALUCES;101.0;A
2021;21;;01;C02;ANDALUCES;15.0;A
2021;21;;01;66;ANDALUCES;118.0;A
2021;21;;01;00;ANDALUCES;234.0;A
2021;21;;06;11;ANDALUCES;2.0;A
2021;21;;06;21;ANDALUCES;51.0;A
2021;21;;06;41;ANDALUCES;7.0;A
2021;21;;06;C01;ANDALUCES;60.0;A
2021;21;;06;C02;ANDALUCES;12.0;A
2021;21;;06;66;ANDALUCES;108.0;A
2021;21;;06;00;ANDALUCES;180.0;A
2021;23;;00;11;ANDALUCES;3.0;A
2021;23;;00;14;ANDALUCES;1.0;A
2021;23;;00;18;ANDALUCES;7.0;A
2021;23;;00;23;ANDALUCES;281.0;A
2021;23;;00;29;ANDALUCES;2.0;A
2021;23;;00;41;ANDALUCES;1.0;A
2021;23;;00;C01;ANDALUCES;295.0;A
2021;23;;00;C02;ANDALUCES;30.0;A
2021;23;;00;66;ANDALUCES;352.0;A
2021;23;;00;00;ANDALUCES;677.0;A
2021;23;;01;11;ANDALUCES;2.0;A
2021;23;;01;18;ANDALUCES;5.0;A
2021;23;;01;23;ANDALUCES;149.0;A
2021;23;;01;C01;ANDALUCES;156.0;A
2021;23;;01;C02;ANDALUCES;12.0;A
2021;23;;01;66;ANDALUCES;190.0;A
2021;23;;01;00;ANDALUCES;358.0;A
2021;23;;06;11;ANDALUCES;1.0;A
2021;23;;06;14;ANDALUCES;1.0;A
2021;23;;06;18;ANDALUCES;2.0;A
2021;23;;06;23;ANDALUCES;132.0;A
2021;23;;06;29;ANDALUCES;2.0;A
2021;23;;06;41;ANDALUCES;1.0;A
2021;23;;06;C01;ANDALUCES;139.0;A
2021;23;;06;C02;ANDALUCES;18.0;A
2021;23;;06;66;ANDALUCES;162.0;A
2021;23;;06;00;ANDALUCES;319.0;A
2021;29;;00;04;ANDALUCES;3.0;A
2021;29;;00;11;ANDALUCES;24.0;A
2021;29;;00;14;ANDALUCES;15.0;A
2021;29;;00;18;ANDALUCES;21.0;A
2021;29;;00;21;ANDALUCES;4.0;A
2021;29;;00;23;ANDALUCES;22.0;A
2021;29;;00;29;ANDALUCES;847.0;A
2021;29;;00;41;ANDALUCES;24.0;A
2021;29;;00;C01;ANDALUCES;960.0;A
2021;29;;00;C02;ANDALUCES;177.0;A
2021;29;;00;66;ANDALUCES;1941.0;A
2021;29;;00;00;ANDALUCES;3078.0;A
2021;29;;01;04;ANDALUCES;2.0;A
2021;29;;01;11;ANDALUCES;14.0;A
2021;29;;01;14;ANDALUCES;9.0;A
2021;29;;01;18;ANDALUCES;14.0;A
2021;29;;01;21;ANDALUCES;3.0;A
2021;29;;01;23;ANDALUCES;13.0;A
2021;29;;01;29;ANDALUCES;417.0;A
2021;29;;01;41;ANDALUCES;15.0;A
2021;29;;01;C01;ANDALUCES;487.0;A
2021;29;;01;C02;ANDALUCES;95.0;A
2021;29;;01;66;ANDALUCES;967.0;A
2021;29;;01;00;ANDALUCES;1549.0;A
2021;29;;06;04;ANDALUCES;1.0;A
2021;29;;06;11;ANDALUCES;10.0;A
2021;29;;06;14;ANDALUCES;6.0;A
2021;29;;06;18;ANDALUCES;7.0;A
2021;29;;06;21;ANDALUCES;1.0;A
2021;29;;06;23;ANDALUCES;9.0;A
2021;29;;06;29;ANDALUCES;430.0;A
2021;29;;06;41;ANDALUCES;9.0;A
2021;29;;06;C01;ANDALUCES;473.0;A
2021;29;;06;C02;ANDALUCES;82.0;A
2021;29;;06;66;ANDALUCES;974.0;A
2021;29;;06;00;ANDALUCES;1529.0;A
2021;41;;00;04;ANDALUCES;6.0;A
2021;41;;00;11;ANDALUCES;35.0;A
2021;41;;00;14;ANDALUCES;13.0;A
2021;41;;00;18;ANDALUCES;8.0;A
2021;41;;00;21;ANDALUCES;11.0;A
2021;41;;00;23;ANDALUCES;4.0;A
2021;41;;00;29;ANDALUCES;8.0;A
2021;41;;00;41;ANDALUCES;897.0;A
2021;41;;00;C01;ANDALUCES;982.0;A
2021;41;;00;C02;ANDALUCES;124.0;A
2021;41;;00;66;ANDALUCES;979.0;A
2021;41;;00;00;ANDALUCES;2085.0;A
2021;41;;01;04;ANDALUCES;3.0;A
2021;41;;01;11;ANDALUCES;13.0;A
2021;41;;01;14;ANDALUCES;8.0;A
2021;41;;01;18;ANDALUCES;7.0;A
2021;41;;01;21;ANDALUCES;5.0;A
2021;41;;01;23;ANDALUCES;3.0;A
2021;41;;01;29;ANDALUCES;3.0;A
2021;41;;01;41;ANDALUCES;477.0;A
2021;41;;01;C01;ANDALUCES;519.0;A
2021;41;;01;C02;ANDALUCES;69.0;A
2021;41;;01;66;ANDALUCES;469.0;A
2021;41;;01;00;ANDALUCES;1057.0;A
2021;41;;06;04;ANDALUCES;3.0;A
2021;41;;06;11;ANDALUCES;22.0;A
2021;41;;06;14;ANDALUCES;5.0;A
2021;41;;06;18;ANDALUCES;1.0;A
2021;41;;06;21;ANDALUCES;6.0;A
2021;41;;06;23;ANDALUCES;1.0;A
2021;41;;06;29;ANDALUCES;5.0;A
2021;41;;06;41;ANDALUCES;420.0;A
2021;41;;06;C01;ANDALUCES;463.0;A
2021;41;;06;C02;ANDALUCES;55.0;A
2021;41;;06;66;ANDALUCES;510.0;A
2021;41;;06;00;ANDALUCES;1028.0;A
2021;;;00;04;ANDALUCES;415.0;A
2021;;;00;11;ANDALUCES;698.0;A
2021;;;00;14;ANDALUCES;366.0;A
2021;;;00;18;ANDALUCES;635.0;A
2021;;;00;21;ANDALUCES;165.0;A
2021;;;00;23;ANDALUCES;329.0;A
2021;;;00;29;ANDALUCES;884.0;A
2021;;;00;41;ANDALUCES;969.0;A
2021;;;00;C01;ANDALUCES;4461.0;A
2021;;;00;C02;ANDALUCES;638.0;A
2021;;;00;66;ANDALUCES;6835.0;A
2021;;;00;00;ANDALUCES;11934.0;A
2021;;;01;04;ANDALUCES;209.0;A
2021;;;01;11;ANDALUCES;352.0;A
2021;;;01;14;ANDALUCES;202.0;A
2021;;;01;18;ANDALUCES;336.0;A
2021;;;01;21;ANDALUCES;102.0;A
2021;;;01;23;ANDALUCES;174.0;A
2021;;;01;29;ANDALUCES;430.0;A
2021;;;01;41;ANDALUCES;515.0;A
2021;;;01;C01;ANDALUCES;2320.0;A
2021;;;01;C02;ANDALUCES;346.0;A
2021;;;01;66;ANDALUCES;3404.0;A
2021;;;01;00;ANDALUCES;6070.0;A
2021;;;06;04;ANDALUCES;206.0;A
2021;;;06;11;ANDALUCES;346.0;A
2021;;;06;14;ANDALUCES;164.0;A
2021;;;06;18;ANDALUCES;299.0;A
2021;;;06;21;ANDALUCES;63.0;A
2021;;;06;23;ANDALUCES;155.0;A
2021;;;06;29;ANDALUCES;454.0;A
2021;;;06;41;ANDALUCES;454.0;A
2021;;;06;C01;ANDALUCES;2141.0;A
2021;;;06;C02;ANDALUCES;292.0;A
2021;;;06;66;ANDALUCES;3431.0;A
2021;;;06;00;ANDALUCES;5864.0;A
2021;C02;;00;04;ANDALUCES;51.0;A
2021;C02;;00;11;ANDALUCES;156.0;A
2021;C02;;00;14;ANDALUCES;68.0;A
2021;C02;;00;18;ANDALUCES;112.0;A
2021;C02;;00;21;ANDALUCES;29.0;A
2021;C02;;00;23;ANDALUCES;81.0;A
2021;C02;;00;29;ANDALUCES;92.0;A
2021;C02;;00;41;ANDALUCES;117.0;A
2021;C02;;00;C01;ANDALUCES;706.0;A
2021;C02;;00;00;ANDALUCES;706.0;A
2021;C02;;01;04;ANDALUCES;29.0;A
2021;C02;;01;11;ANDALUCES;91.0;A
2021;C02;;01;14;ANDALUCES;38.0;A
2021;C02;;01;18;ANDALUCES;58.0;A
2021;C02;;01;21;ANDALUCES;21.0;A
2021;C02;;01;23;ANDALUCES;45.0;A
2021;C02;;01;29;ANDALUCES;48.0;A
2021;C02;;01;41;ANDALUCES;70.0;A
2021;C02;;01;C01;ANDALUCES;400.0;A
2021;C02;;01;00;ANDALUCES;400.0;A
2021;C02;;06;04;ANDALUCES;22.0;A
2021;C02;;06;11;ANDALUCES;65.0;A
2021;C02;;06;14;ANDALUCES;30.0;A
2021;C02;;06;18;ANDALUCES;54.0;A
2021;C02;;06;21;ANDALUCES;8.0;A
2021;C02;;06;23;ANDALUCES;36.0;A
2021;C02;;06;29;ANDALUCES;44.0;A
2021;C02;;06;41;ANDALUCES;47.0;A
2021;C02;;06;C01;ANDALUCES;306.0;A
2021;C02;;06;00;ANDALUCES;306.0;A
2021;00;;00;04;ANDALUCES;466.0;A
2021;00;;00;11;ANDALUCES;854.0;A
2021;00;;00;14;ANDALUCES;434.0;A
2021;00;;00;18;ANDALUCES;747.0;A
2021;00;;00;21;ANDALUCES;194.0;A
2021;00;;00;23;ANDALUCES;410.0;A
2021;00;;00;29;ANDALUCES;976.0;A
2021;00;;00;41;ANDALUCES;1086.0;A
2021;00;;00;C01;ANDALUCES;5167.0;A
2021;00;;00;C02;ANDALUCES;638.0;A
2021;00;;00;66;ANDALUCES;6835.0;A
2021;00;;00;00;ANDALUCES;12640.0;A
2021;00;;01;04;ANDALUCES;238.0;A
2021;00;;01;11;ANDALUCES;443.0;A
2021;00;;01;14;ANDALUCES;240.0;A
2021;00;;01;18;ANDALUCES;394.0;A
2021;00;;01;21;ANDALUCES;123.0;A
2021;00;;01;23;ANDALUCES;219.0;A
2021;00;;01;29;ANDALUCES;478.0;A
2021;00;;01;41;ANDALUCES;585.0;A
2021;00;;01;C01;ANDALUCES;2720.0;A
2021;00;;01;C02;ANDALUCES;346.0;A
2021;00;;01;66;ANDALUCES;3404.0;A
2021;00;;01;00;ANDALUCES;6470.0;A
2021;00;;06;04;ANDALUCES;228.0;A
2021;00;;06;11;ANDALUCES;411.0;A
2021;00;;06;14;ANDALUCES;194.0;A
2021;00;;06;18;ANDALUCES;353.0;A
2021;00;;06;21;ANDALUCES;71.0;A
2021;00;;06;23;ANDALUCES;191.0;A
2021;00;;06;29;ANDALUCES;498.0;A
2021;00;;06;41;ANDALUCES;501.0;A
2021;00;;06;C01;ANDALUCES;2447.0;A
2021;00;;06;C02;ANDALUCES;292.0;A
2021;00;;06;66;ANDALUCES;3431.0;A
2021;00;;06;00;ANDALUCES;6170.0;A
2022;04;;00;04;ANDALUCES;490.0;A
2022;04;;00;11;ANDALUCES;4.0;A
2022;04;;00;14;ANDALUCES;3.0;A
2022;04;;00;18;ANDALUCES;28.0;A
2022;04;;00;21;ANDALUCES;1.0;A
2022;04;;00;23;ANDALUCES;5.0;A
2022;04;;00;29;ANDALUCES;4.0;A
2022;04;;00;41;ANDALUCES;3.0;A
2022;04;;00;C01;ANDALUCES;538.0;A
2022;04;;00;C02;ANDALUCES;72.0;A
2022;04;;00;66;ANDALUCES;1565.0;A
2022;04;;00;00;ANDALUCES;2175.0;A
2022;04;;01;04;ANDALUCES;247.0;A
2022;04;;01;11;ANDALUCES;2.0;A
2022;04;;01;18;ANDALUCES;16.0;A
2022;04;;01;21;ANDALUCES;1.0;A
2022;04;;01;23;ANDALUCES;2.0;A
2022;04;;01;29;ANDALUCES;1.0;A
2022;04;;01;41;ANDALUCES;1.0;A
2022;04;;01;C01;ANDALUCES;270.0;A
2022;04;;01;C02;ANDALUCES;37.0;A
2022;04;;01;66;ANDALUCES;813.0;A
2022;04;;01;00;ANDALUCES;1120.0;A
2022;04;;06;04;ANDALUCES;243.0;A
2022;04;;06;11;ANDALUCES;2.0;A
2022;04;;06;14;ANDALUCES;3.0;A
2022;04;;06;18;ANDALUCES;12.0;A
2022;04;;06;23;ANDALUCES;3.0;A
2022;04;;06;29;ANDALUCES;3.0;A
2022;04;;06;41;ANDALUCES;2.0;A
2022;04;;06;C01;ANDALUCES;268.0;A
2022;04;;06;C02;ANDALUCES;35.0;A
2022;04;;06;66;ANDALUCES;752.0;A
2022;04;;06;00;ANDALUCES;1055.0;A
2022;11;;00;04;ANDALUCES;1.0;A
2022;11;;00;11;ANDALUCES;827.0;A
2022;11;;00;14;ANDALUCES;7.0;A
2022;11;;00;18;ANDALUCES;7.0;A
2022;11;;00;21;ANDALUCES;5.0;A
2022;11;;00;23;ANDALUCES;4.0;A
2022;11;;00;29;ANDALUCES;13.0;A
2022;11;;00;41;ANDALUCES;24.0;A
2022;11;;00;C01;ANDALUCES;888.0;A
2022;11;;00;C02;ANDALUCES;147.0;A
2022;11;;00;66;ANDALUCES;940.0;A
2022;11;;00;00;ANDALUCES;1975.0;A
2022;11;;01;04;ANDALUCES;1.0;A
2022;11;;01;11;ANDALUCES;414.0;A
2022;11;;01;14;ANDALUCES;4.0;A
2022;11;;01;18;ANDALUCES;3.0;A
2022;11;;01;21;ANDALUCES;4.0;A
2022;11;;01;23;ANDALUCES;3.0;A
2022;11;;01;29;ANDALUCES;9.0;A
2022;11;;01;41;ANDALUCES;14.0;A
2022;11;;01;C01;ANDALUCES;452.0;A
2022;11;;01;C02;ANDALUCES;65.0;A
2022;11;;01;66;ANDALUCES;489.0;A
2022;11;;01;00;ANDALUCES;1006.0;A
2022;11;;06;11;ANDALUCES;413.0;A
2022;11;;06;14;ANDALUCES;3.0;A
2022;11;;06;18;ANDALUCES;4.0;A
2022;11;;06;21;ANDALUCES;1.0;A
2022;11;;06;23;ANDALUCES;1.0;A
2022;11;;06;29;ANDALUCES;4.0;A
2022;11;;06;41;ANDALUCES;10.0;A
2022;11;;06;C01;ANDALUCES;436.0;A
2022;11;;06;C02;ANDALUCES;82.0;A
2022;11;;06;66;ANDALUCES;451.0;A
2022;11;;06;00;ANDALUCES;969.0;A
2022;14;;00;11;ANDALUCES;2.0;A
2022;14;;00;14;ANDALUCES;392.0;A
2022;14;;00;18;ANDALUCES;4.0;A
2022;14;;00;23;ANDALUCES;3.0;A
2022;14;;00;29;ANDALUCES;2.0;A
2022;14;;00;41;ANDALUCES;6.0;A
2022;14;;00;C01;ANDALUCES;409.0;A
2022;14;;00;C02;ANDALUCES;35.0;A
2022;14;;00;66;ANDALUCES;481.0;A
2022;14;;00;00;ANDALUCES;925.0;A
2022;14;;01;11;ANDALUCES;1.0;A
2022;14;;01;14;ANDALUCES;201.0;A
2022;14;;01;18;ANDALUCES;2.0;A
2022;14;;01;23;ANDALUCES;2.0;A
2022;14;;01;29;ANDALUCES;1.0;A
2022;14;;01;41;ANDALUCES;1.0;A
2022;14;;01;C01;ANDALUCES;208.0;A
2022;14;;01;C02;ANDALUCES;14.0;A
2022;14;;01;66;ANDALUCES;220.0;A
2022;14;;01;00;ANDALUCES;442.0;A
2022;14;;06;11;ANDALUCES;1.0;A
2022;14;;06;14;ANDALUCES;191.0;A
2022;14;;06;18;ANDALUCES;2.0;A
2022;14;;06;23;ANDALUCES;1.0;A
2022;14;;06;29;ANDALUCES;1.0;A
2022;14;;06;41;ANDALUCES;5.0;A
2022;14;;06;C01;ANDALUCES;201.0;A
2022;14;;06;C02;ANDALUCES;21.0;A
2022;14;;06;66;ANDALUCES;261.0;A
2022;14;;06;00;ANDALUCES;483.0;A
2022;18;;00;04;ANDALUCES;7.0;A
2022;18;;00;11;ANDALUCES;7.0;A
2022;18;;00;14;ANDALUCES;5.0;A
2022;18;;00;18;ANDALUCES;659.0;A
2022;18;;00;21;ANDALUCES;2.0;A
2022;18;;00;23;ANDALUCES;19.0;A
2022;18;;00;29;ANDALUCES;12.0;A
2022;18;;00;41;ANDALUCES;7.0;A
2022;18;;00;C01;ANDALUCES;718.0;A
2022;18;;00;C02;ANDALUCES;132.0;A
2022;18;;00;66;ANDALUCES;1648.0;A
2022;18;;00;00;ANDALUCES;2498.0;A
2022;18;;01;04;ANDALUCES;4.0;A
2022;18;;01;11;ANDALUCES;3.0;A
2022;18;;01;14;ANDALUCES;1.0;A
2022;18;;01;18;ANDALUCES;360.0;A
2022;18;;01;23;ANDALUCES;10.0;A
2022;18;;01;29;ANDALUCES;5.0;A
2022;18;;01;41;ANDALUCES;2.0;A
2022;18;;01;C01;ANDALUCES;385.0;A
2022;18;;01;C02;ANDALUCES;71.0;A
2022;18;;01;66;ANDALUCES;833.0;A
2022;18;;01;00;ANDALUCES;1289.0;A
2022;18;;06;04;ANDALUCES;3.0;A
2022;18;;06;11;ANDALUCES;4.0;A
2022;18;;06;14;ANDALUCES;4.0;A
2022;18;;06;18;ANDALUCES;299.0;A
2022;18;;06;21;ANDALUCES;2.0;A
2022;18;;06;23;ANDALUCES;9.0;A
2022;18;;06;29;ANDALUCES;7.0;A
2022;18;;06;41;ANDALUCES;5.0;A
2022;18;;06;C01;ANDALUCES;333.0;A
2022;18;;06;C02;ANDALUCES;61.0;A
2022;18;;06;66;ANDALUCES;815.0;A
2022;18;;06;00;ANDALUCES;1209.0;A
2022;21;;00;11;ANDALUCES;2.0;A
2022;21;;00;14;ANDALUCES;3.0;A
2022;21;;00;18;ANDALUCES;2.0;A
2022;21;;00;21;ANDALUCES;218.0;A
2022;21;;00;29;ANDALUCES;1.0;A
2022;21;;00;41;ANDALUCES;17.0;A
2022;21;;00;C01;ANDALUCES;243.0;A
2022;21;;00;C02;ANDALUCES;30.0;A
2022;21;;00;66;ANDALUCES;335.0;A
2022;21;;00;00;ANDALUCES;608.0;A
2022;21;;01;14;ANDALUCES;2.0;A
2022;21;;01;18;ANDALUCES;2.0;A
2022;21;;01;21;ANDALUCES;110.0;A
2022;21;;01;41;ANDALUCES;8.0;A
2022;21;;01;C01;ANDALUCES;122.0;A
2022;21;;01;C02;ANDALUCES;15.0;A
2022;21;;01;66;ANDALUCES;183.0;A
2022;21;;01;00;ANDALUCES;320.0;A
2022;21;;06;11;ANDALUCES;2.0;A
2022;21;;06;14;ANDALUCES;1.0;A
2022;21;;06;21;ANDALUCES;108.0;A
2022;21;;06;29;ANDALUCES;1.0;A
2022;21;;06;41;ANDALUCES;9.0;A
2022;21;;06;C01;ANDALUCES;121.0;A
2022;21;;06;C02;ANDALUCES;15.0;A
2022;21;;06;66;ANDALUCES;152.0;A
2022;21;;06;00;ANDALUCES;288.0;A
2022;23;;00;04;ANDALUCES;1.0;A
2022;23;;00;14;ANDALUCES;3.0;A
2022;23;;00;18;ANDALUCES;4.0;A
2022;23;;00;23;ANDALUCES;313.0;A
2022;23;;00;29;ANDALUCES;2.0;A
2022;23;;00;41;ANDALUCES;2.0;A
2022;23;;00;C01;ANDALUCES;325.0;A
2022;23;;00;C02;ANDALUCES;39.0;A
2022;23;;00;66;ANDALUCES;430.0;A
2022;23;;00;00;ANDALUCES;794.0;A
2022;23;;01;14;ANDALUCES;3.0;A
2022;23;;01;18;ANDALUCES;1.0;A
2022;23;;01;23;ANDALUCES;164.0;A
2022;23;;01;29;ANDALUCES;2.0;A
2022;23;;01;41;ANDALUCES;1.0;A
2022;23;;01;C01;ANDALUCES;171.0;A
2022;23;;01;C02;ANDALUCES;21.0;A
2022;23;;01;66;ANDALUCES;221.0;A
2022;23;;01;00;ANDALUCES;413.0;A
2022;23;;06;04;ANDALUCES;1.0;A
2022;23;;06;18;ANDALUCES;3.0;A
2022;23;;06;23;ANDALUCES;149.0;A
2022;23;;06;41;ANDALUCES;1.0;A
2022;23;;06;C01;ANDALUCES;154.0;A
2022;23;;06;C02;ANDALUCES;18.0;A
2022;23;;06;66;ANDALUCES;209.0;A
2022;23;;06;00;ANDALUCES;381.0;A
2022;29;;00;04;ANDALUCES;4.0;A
2022;29;;00;11;ANDALUCES;23.0;A
2022;29;;00;14;ANDALUCES;19.0;A
2022;29;;00;18;ANDALUCES;35.0;A
2022;29;;00;21;ANDALUCES;4.0;A
2022;29;;00;23;ANDALUCES;16.0;A
2022;29;;00;29;ANDALUCES;1287.0;A
2022;29;;00;41;ANDALUCES;21.0;A
2022;29;;00;C01;ANDALUCES;1409.0;A
2022;29;;00;C02;ANDALUCES;288.0;A
2022;29;;00;66;ANDALUCES;2925.0;A
2022;29;;00;00;ANDALUCES;4622.0;A
2022;29;;01;04;ANDALUCES;3.0;A
2022;29;;01;11;ANDALUCES;14.0;A
2022;29;;01;14;ANDALUCES;12.0;A
2022;29;;01;18;ANDALUCES;20.0;A
2022;29;;01;21;ANDALUCES;3.0;A
2022;29;;01;23;ANDALUCES;6.0;A
2022;29;;01;29;ANDALUCES;667.0;A
2022;29;;01;41;ANDALUCES;9.0;A
2022;29;;01;C01;ANDALUCES;734.0;A
2022;29;;01;C02;ANDALUCES;143.0;A
2022;29;;01;66;ANDALUCES;1549.0;A
2022;29;;01;00;ANDALUCES;2426.0;A
2022;29;;06;04;ANDALUCES;1.0;A
2022;29;;06;11;ANDALUCES;9.0;A
2022;29;;06;14;ANDALUCES;7.0;A
2022;29;;06;18;ANDALUCES;15.0;A
2022;29;;06;21;ANDALUCES;1.0;A
2022;29;;06;23;ANDALUCES;10.0;A
2022;29;;06;29;ANDALUCES;620.0;A
2022;29;;06;41;ANDALUCES;12.0;A
2022;29;;06;C01;ANDALUCES;675.0;A
2022;29;;06;C02;ANDALUCES;145.0;A
2022;29;;06;66;ANDALUCES;1376.0;A
2022;29;;06;00;ANDALUCES;2196.0;A
2022;41;;00;04;ANDALUCES;4.0;A
2022;41;;00;11;ANDALUCES;40.0;A
2022;41;;00;14;ANDALUCES;13.0;A
2022;41;;00;18;ANDALUCES;11.0;A
2022;41;;00;21;ANDALUCES;21.0;A
2022;41;;00;23;ANDALUCES;14.0;A
2022;41;;00;29;ANDALUCES;13.0;A
2022;41;;00;41;ANDALUCES;1090.0;A
2022;41;;00;C01;ANDALUCES;1206.0;A
2022;41;;00;C02;ANDALUCES;136.0;A
2022;41;;00;66;ANDALUCES;1592.0;A
2022;41;;00;00;ANDALUCES;2934.0;A
2022;41;;01;04;ANDALUCES;2.0;A
2022;41;;01;11;ANDALUCES;23.0;A
2022;41;;01;14;ANDALUCES;7.0;A
2022;41;;01;18;ANDALUCES;3.0;A
2022;41;;01;21;ANDALUCES;14.0;A
2022;41;;01;23;ANDALUCES;3.0;A
2022;41;;01;29;ANDALUCES;6.0;A
2022;41;;01;41;ANDALUCES;599.0;A
2022;41;;01;C01;ANDALUCES;657.0;A
2022;41;;01;C02;ANDALUCES;84.0;A
2022;41;;01;66;ANDALUCES;767.0;A
2022;41;;01;00;ANDALUCES;1508.0;A
2022;41;;06;04;ANDALUCES;2.0;A
2022;41;;06;11;ANDALUCES;17.0;A
2022;41;;06;14;ANDALUCES;6.0;A
2022;41;;06;18;ANDALUCES;8.0;A
2022;41;;06;21;ANDALUCES;7.0;A
2022;41;;06;23;ANDALUCES;11.0;A
2022;41;;06;29;ANDALUCES;7.0;A
2022;41;;06;41;ANDALUCES;491.0;A
2022;41;;06;C01;ANDALUCES;549.0;A
2022;41;;06;C02;ANDALUCES;52.0;A
2022;41;;06;66;ANDALUCES;825.0;A
2022;41;;06;00;ANDALUCES;1426.0;A
2022;;;00;04;ANDALUCES;507.0;A
2022;;;00;11;ANDALUCES;905.0;A
2022;;;00;14;ANDALUCES;445.0;A
2022;;;00;18;ANDALUCES;750.0;A
2022;;;00;21;ANDALUCES;251.0;A
2022;;;00;23;ANDALUCES;374.0;A
2022;;;00;29;ANDALUCES;1334.0;A
2022;;;00;41;ANDALUCES;1170.0;A
2022;;;00;C01;ANDALUCES;5736.0;A
2022;;;00;C02;ANDALUCES;879.0;A
2022;;;00;66;ANDALUCES;9916.0;A
2022;;;00;00;ANDALUCES;16531.0;A
2022;;;01;04;ANDALUCES;257.0;A
2022;;;01;11;ANDALUCES;457.0;A
2022;;;01;14;ANDALUCES;230.0;A
2022;;;01;18;ANDALUCES;407.0;A
2022;;;01;21;ANDALUCES;132.0;A
2022;;;01;23;ANDALUCES;190.0;A
2022;;;01;29;ANDALUCES;691.0;A
2022;;;01;41;ANDALUCES;635.0;A
2022;;;01;C01;ANDALUCES;2999.0;A
2022;;;01;C02;ANDALUCES;450.0;A
2022;;;01;66;ANDALUCES;5075.0;A
2022;;;01;00;ANDALUCES;8524.0;A
2022;;;06;04;ANDALUCES;250.0;A
2022;;;06;11;ANDALUCES;448.0;A
2022;;;06;14;ANDALUCES;215.0;A
2022;;;06;18;ANDALUCES;343.0;A
2022;;;06;21;ANDALUCES;119.0;A
2022;;;06;23;ANDALUCES;184.0;A
2022;;;06;29;ANDALUCES;643.0;A
2022;;;06;41;ANDALUCES;535.0;A
2022;;;06;C01;ANDALUCES;2737.0;A
2022;;;06;C02;ANDALUCES;429.0;A
2022;;;06;66;ANDALUCES;4841.0;A
2022;;;06;00;ANDALUCES;8007.0;A
2022;C02;;00;04;ANDALUCES;82.0;A
2022;C02;;00;11;ANDALUCES;156.0;A
2022;C02;;00;14;ANDALUCES;111.0;A
2022;C02;;00;18;ANDALUCES;140.0;A
2022;C02;;00;21;ANDALUCES;27.0;A
2022;C02;;00;23;ANDALUCES;109.0;A
2022;C02;;00;29;ANDALUCES;138.0;A
2022;C02;;00;41;ANDALUCES;156.0;A
2022;C02;;00;C01;ANDALUCES;919.0;A
2022;C02;;00;00;ANDALUCES;919.0;A
2022;C02;;01;04;ANDALUCES;40.0;A
2022;C02;;01;11;ANDALUCES;89.0;A
2022;C02;;01;14;ANDALUCES;69.0;A
2022;C02;;01;18;ANDALUCES;85.0;A
2022;C02;;01;21;ANDALUCES;17.0;A
2022;C02;;01;23;ANDALUCES;67.0;A
2022;C02;;01;29;ANDALUCES;84.0;A
2022;C02;;01;41;ANDALUCES;81.0;A
2022;C02;;01;C01;ANDALUCES;532.0;A
2022;C02;;01;00;ANDALUCES;532.0;A
2022;C02;;06;04;ANDALUCES;42.0;A
2022;C02;;06;11;ANDALUCES;67.0;A
2022;C02;;06;14;ANDALUCES;42.0;A
2022;C02;;06;18;ANDALUCES;55.0;A
2022;C02;;06;21;ANDALUCES;10.0;A
2022;C02;;06;23;ANDALUCES;42.0;A
2022;C02;;06;29;ANDALUCES;54.0;A
2022;C02;;06;41;ANDALUCES;75.0;A
2022;C02;;06;C01;ANDALUCES;387.0;A
2022;C02;;06;00;ANDALUCES;387.0;A
2022;00;;00;04;ANDALUCES;589.0;A
2022;00;;00;11;ANDALUCES;1061.0;A
2022;00;;00;14;ANDALUCES;556.0;A
2022;00;;00;18;ANDALUCES;890.0;A
2022;00;;00;21;ANDALUCES;278.0;A
2022;00;;00;23;ANDALUCES;483.0;A
2022;00;;00;29;ANDALUCES;1472.0;A
2022;00;;00;41;ANDALUCES;1326.0;A
2022;00;;00;C01;ANDALUCES;6655.0;A
2022;00;;00;C02;ANDALUCES;879.0;A
2022;00;;00;66;ANDALUCES;9916.0;A
2022;00;;00;00;ANDALUCES;17450.0;A
2022;00;;01;04;ANDALUCES;297.0;A
2022;00;;01;11;ANDALUCES;546.0;A
2022;00;;01;14;ANDALUCES;299.0;A
2022;00;;01;18;ANDALUCES;492.0;A
2022;00;;01;21;ANDALUCES;149.0;A
2022;00;;01;23;ANDALUCES;257.0;A
2022;00;;01;29;ANDALUCES;775.0;A
2022;00;;01;41;ANDALUCES;716.0;A
2022;00;;01;C01;ANDALUCES;3531.0;A
2022;00;;01;C02;ANDALUCES;450.0;A
2022;00;;01;66;ANDALUCES;5075.0;A
2022;00;;01;00;ANDALUCES;9056.0;A
2022;00;;06;04;ANDALUCES;292.0;A
2022;00;;06;11;ANDALUCES;515.0;A
2022;00;;06;14;ANDALUCES;257.0;A
2022;00;;06;18;ANDALUCES;398.0;A
2022;00;;06;21;ANDALUCES;129.0;A
2022;00;;06;23;ANDALUCES;226.0;A
2022;00;;06;29;ANDALUCES;697.0;A
2022;00;;06;41;ANDALUCES;610.0;A
2022;00;;06;C01;ANDALUCES;3124.0;A
2022;00;;06;C02;ANDALUCES;429.0;A
2022;00;;06;66;ANDALUCES;4841.0;A
2022;00;;06;00;ANDALUCES;8394.0;A
